Id,pricem2,flrMat,size,numBal,levelFlr,opDate,LeasingAvail,Grg,District,WndwMat,numWndw,totFlr,Loc,DrMat,Process
1,10,0,94,2,0,2014,1,1,3,1,1,12,23,0,0
2,6,1,59,2,14,2016,1,0,4,2,3,18,73,0,1
3,9,1,24,0,11,2004,0,1,4,1,3,20,23,1,0
4,3,0,89,1,2,2001,1,0,7,1,1,15,46,0,0
5,2,0,89,2,14,2023,1,0,2,1,2,18,48,0,1
6,5,1,59,1,5,2017,0,1,4,2,3,18,97,1,0
7,7,0,77,0,4,2019,1,1,6,1,2,16,41,1,1
8,10,1,28,2,8,2017,1,0,6,2,1,20,94,0,0
9,3,0,98,0,0,2003,0,0,1,1,2,19,97,1,0
10,3,1,68,2,12,2002,0,0,2,2,3,15,76,0,1
11,8,1,98,2,9,2007,0,0,5,1,1,16,77,1,0
12,9,0,44,2,14,2005,1,0,2,1,2,10,95,1,1
13,3,1,79,1,0,2006,0,0,2,2,1,20,85,0,0
14,8,1,43,0,3,2001,0,0,7,2,3,11,90,0,1
15,5,0,69,1,5,2000,0,1,1,1,2,15,26,0,0
16,8,0,76,1,0,2002,0,1,4,2,1,16,91,1,0
17,4,0,70,2,4,2016,0,1,7,1,2,17,9,1,0
18,7,0,60,1,5,2007,0,0,4,2,3,10,98,1,1
19,9,0,32,2,8,2018,1,0,1,0,3,10,76,1,0
20,8,0,57,2,6,2013,1,0,3,1,3,11,88,1,1
21,4,1,52,1,7,2011,0,1,5,0,2,20,0,1,0
22,8,1,47,2,3,2020,1,1,6,0,1,16,73,1,1
23,2,0,90,1,10,2007,1,1,6,2,2,10,17,1,1
24,2,1,30,0,14,2003,1,0,6,0,2,14,66,0,1
25,7,1,41,2,6,2009,1,1,2,1,1,13,17,0,0
26,9,0,50,1,0,2022,0,0,5,1,2,14,63,1,0
27,2,1,94,2,7,2019,0,1,5,2,1,14,66,0,1
28,10,0,28,1,1,2021,1,1,3,1,2,18,10,1,1
29,5,1,24,2,9,2014,1,1,4,2,3,10,80,0,0
30,5,1,100,2,1,2008,0,0,2,0,1,17,18,0,0
31,8,1,65,2,5,2006,0,0,5,0,2,16,28,0,0
32,8,1,95,0,12,2020,0,0,2,2,1,14,28,0,1
33,9,0,99,1,0,2011,0,1,4,2,3,18,77,1,0
34,9,1,21,0,14,2001,1,1,7,0,2,19,35,1,0
35,6,0,100,1,5,2021,1,1,3,0,3,13,44,1,0
36,10,1,87,2,1,2020,1,1,4,2,3,18,23,1,0
37,8,1,91,1,10,2020,1,1,4,2,3,15,70,0,1
38,9,1,83,1,3,2009,0,1,6,2,2,18,88,1,1
39,7,0,22,1,2,2007,1,1,3,1,1,18,55,0,0
40,7,1,49,0,14,2007,1,1,6,0,1,10,0,0,0
41,5,0,84,0,0,2009,1,0,6,2,3,15,9,0,0
42,10,0,71,2,5,2020,0,1,6,2,2,10,55,1,0
43,5,1,49,1,13,2019,0,1,3,2,1,15,15,0,0
44,4,1,84,0,7,2014,1,0,2,1,3,16,68,1,1
45,5,1,71,1,0,2004,1,0,7,2,3,10,36,1,1
46,7,1,33,2,9,2009,1,0,4,1,3,20,51,1,1
47,6,1,83,2,5,2003,1,0,5,0,3,20,87,0,1
48,3,0,30,2,4,2007,0,1,5,2,1,12,84,0,1
49,5,1,20,2,0,2009,0,1,6,0,3,18,32,0,0
50,5,0,97,2,9,2005,0,1,7,1,2,12,71,1,0
51,5,1,37,2,5,2008,0,1,1,2,1,10,86,1,0
52,8,0,42,2,15,2023,1,1,3,2,3,10,77,0,1
53,8,0,78,0,2,2017,1,1,1,0,1,19,81,1,1
54,8,0,39,2,2,2015,1,0,7,0,3,20,27,0,0
55,4,1,59,2,0,2019,0,1,1,2,1,11,13,0,0
56,6,0,24,2,1,2019,0,1,4,2,2,20,81,0,1
57,5,1,22,1,6,2001,1,1,2,0,2,16,0,1,1
58,4,0,31,2,8,2006,1,1,6,0,2,11,85,1,0
59,5,1,44,2,8,2020,1,0,3,2,3,19,88,0,0
60,4,1,75,0,11,2005,1,1,6,1,2,15,3,0,0
61,4,1,81,1,11,2014,0,1,5,2,2,15,15,0,1
62,7,1,82,1,1,2003,1,0,4,1,3,10,32,1,0
63,6,1,70,1,2,2013,0,0,2,1,3,11,18,0,1
64,6,1,66,0,14,2007,1,1,2,2,1,17,87,0,0
65,4,1,94,0,8,2011,1,1,1,2,1,18,5,1,0
66,10,1,25,1,2,2022,0,0,1,1,1,20,87,0,1
67,9,1,26,0,5,2022,0,1,7,2,3,10,74,0,0
68,3,1,83,0,3,2006,1,0,1,0,3,11,87,0,0
69,9,1,58,0,15,2016,1,0,4,2,2,13,77,1,0
70,10,1,37,0,11,2023,1,1,6,2,2,10,91,1,0
71,8,0,33,2,1,2017,1,0,3,0,2,16,48,1,0
72,3,1,35,0,12,2005,1,1,3,1,1,10,79,1,1
73,3,1,27,1,9,2018,0,1,6,0,2,20,28,0,1
74,8,1,70,2,3,2005,0,0,5,2,3,17,88,0,0
75,2,1,57,1,8,2000,1,1,6,2,2,14,65,1,1
76,7,1,38,0,5,2007,0,1,1,2,2,11,80,0,0
77,8,1,41,1,5,2017,1,1,5,0,1,17,71,0,0
78,3,1,87,0,15,2010,1,0,3,2,1,18,39,0,1
79,8,0,80,0,11,2016,1,0,6,2,1,13,97,1,0
80,9,1,41,2,13,2022,1,0,2,1,2,15,76,1,0
81,2,1,57,1,2,2021,0,1,4,0,1,12,76,0,1
82,10,0,26,1,10,2019,0,0,7,1,3,12,69,0,1
83,7,0,59,2,2,2011,0,0,1,1,3,12,29,1,0
84,6,1,91,2,15,2020,0,0,1,1,3,16,16,0,1
85,10,1,100,2,10,2004,0,1,6,1,3,18,43,0,1
86,9,0,68,1,12,2015,1,0,2,2,3,16,93,0,1
87,4,1,31,2,13,2006,0,1,1,2,2,11,31,0,0
88,4,0,84,1,7,2022,1,1,6,2,1,11,39,1,1
89,6,0,61,0,10,2018,0,1,7,0,2,20,6,1,1
90,10,0,62,0,13,2020,0,0,6,2,1,15,60,1,1
91,3,1,24,2,11,2001,0,1,4,1,2,18,74,0,1
92,5,0,78,1,13,2014,0,1,3,1,1,17,71,0,1
93,7,0,32,2,2,2023,1,0,5,1,1,13,97,0,0
94,10,0,65,2,3,2007,1,1,4,0,1,17,7,1,0
95,8,0,64,1,14,2023,1,0,4,2,2,12,61,1,0
96,8,0,71,0,14,2012,0,0,2,1,3,15,76,1,1
97,9,0,63,2,10,2023,0,1,2,0,2,16,18,0,0
98,8,1,34,1,12,2019,0,0,4,1,3,15,90,0,0
99,3,0,70,1,4,2020,1,0,1,1,3,20,85,0,0
100,2,0,81,0,1,2022,1,1,7,1,2,15,9,0,0
101,4,1,63,0,11,2007,0,0,6,2,3,12,19,1,1
102,3,1,25,2,13,2001,1,0,7,2,3,12,19,0,0
103,7,0,63,1,11,2004,0,1,1,1,3,18,52,0,0
104,10,1,94,1,11,2007,1,0,1,2,2,12,58,0,0
105,10,1,76,0,13,2022,1,0,6,1,1,11,62,0,1
106,6,0,24,0,15,2011,1,1,6,1,1,11,40,1,1
107,10,1,70,0,12,2014,1,0,6,1,1,12,32,0,1
108,7,0,53,0,14,2006,0,1,2,0,2,18,49,0,1
109,4,0,66,0,10,2003,0,0,1,2,3,17,37,1,1
110,8,1,97,2,14,2009,1,1,1,0,3,19,2,0,0
111,7,1,38,1,7,2006,0,0,5,1,2,18,80,0,0
112,2,1,100,1,14,2015,1,0,6,0,3,12,61,1,1
113,10,0,90,0,4,2014,0,0,5,2,1,16,55,0,1
114,9,1,71,1,3,2022,0,1,4,1,3,18,4,0,1
115,10,0,55,2,12,2000,1,1,2,0,3,13,2,1,0
116,4,1,36,1,4,2016,0,0,4,0,3,13,0,1,0
117,7,0,37,1,13,2016,1,0,3,2,1,17,96,0,0
118,4,0,51,1,6,2014,1,1,3,0,3,12,86,1,0
119,8,1,56,2,13,2018,0,0,6,0,1,14,61,1,1
120,4,1,99,0,0,2015,0,0,4,1,2,10,44,1,0
121,8,1,88,2,3,2010,0,0,6,2,3,17,42,0,0
122,2,1,75,0,11,2013,1,1,7,2,2,17,3,1,1
123,10,1,24,0,9,2023,0,0,3,1,3,10,16,1,0
124,3,0,49,0,1,2019,0,1,4,0,3,19,100,0,1
125,8,0,29,2,1,2020,1,0,4,1,1,14,10,1,0
126,10,0,67,2,10,2022,0,0,2,1,2,14,47,1,0
127,9,0,98,0,5,2009,0,1,5,0,3,19,33,1,0
128,9,0,32,1,2,2009,1,0,7,2,1,16,10,1,0
129,9,0,38,1,8,2009,0,0,3,0,1,12,25,1,0
130,9,1,27,2,7,2000,0,0,3,1,2,20,56,0,0
131,7,0,47,0,11,2021,0,0,2,0,1,19,29,1,1
132,10,1,75,1,15,2016,1,0,6,0,2,14,25,0,0
133,9,0,64,0,10,2012,1,0,1,1,3,15,43,1,1
134,4,0,98,1,15,2019,1,1,2,1,1,13,44,0,1
135,4,0,28,1,6,2005,0,0,1,2,2,14,22,0,1
136,2,1,85,1,2,2001,1,0,7,1,2,11,7,0,0
137,5,1,74,0,11,2007,0,0,4,2,1,11,47,0,1
138,4,0,23,1,13,2001,0,0,4,1,3,20,46,0,0
139,8,0,54,1,2,2021,1,0,3,1,3,20,80,1,1
140,2,1,29,1,4,2013,1,0,6,2,3,15,33,0,0
141,6,1,51,1,1,2000,0,1,7,2,1,17,43,1,0
142,2,1,26,0,0,2000,0,1,2,2,3,16,32,1,1
143,5,0,86,2,10,2008,1,0,3,1,3,19,26,0,1
144,10,1,90,0,4,2005,1,1,5,2,1,20,33,1,1
145,4,1,93,1,12,2003,0,0,4,2,1,12,21,0,0
146,7,1,37,2,8,2018,0,1,2,0,3,19,83,1,1
147,6,0,88,0,8,2013,0,0,7,0,3,19,68,0,0
148,7,0,83,1,3,2010,0,0,5,1,3,12,39,0,0
149,7,0,79,1,10,2014,0,0,7,2,3,13,88,0,0
150,4,1,34,0,4,2004,1,0,2,0,1,18,31,1,0
151,10,1,81,1,9,2002,1,0,2,2,1,10,64,0,0
152,3,1,77,2,1,2010,1,0,2,2,2,10,12,1,1
153,5,0,95,2,12,2009,1,1,7,2,3,13,16,0,1
154,2,0,27,0,12,2015,1,1,4,0,3,18,94,1,0
155,5,1,85,0,15,2007,1,1,4,2,2,14,34,1,0
156,9,1,32,2,12,2009,0,0,7,1,3,19,95,0,1
157,7,1,62,2,1,2000,0,0,5,2,3,15,38,0,0
158,8,1,44,1,9,2005,0,1,3,1,3,16,85,0,0
159,2,0,65,2,3,2014,0,0,3,1,3,17,9,1,1
160,2,0,42,2,12,2009,1,0,1,0,1,18,71,0,1
161,6,0,28,2,12,2021,0,0,7,0,3,17,96,1,1
162,7,1,54,2,14,2001,0,0,4,1,2,13,26,1,1
163,5,0,66,1,1,2013,0,1,5,0,1,14,1,0,1
164,10,0,60,0,2,2023,1,1,1,0,2,10,11,1,0
165,6,1,34,1,9,2011,0,1,3,0,2,15,36,0,0
166,10,1,27,0,3,2014,0,0,2,2,3,20,91,0,0
167,10,1,63,0,13,2023,1,1,5,1,1,16,84,0,0
168,10,0,31,0,5,2014,1,0,2,1,1,14,57,1,1
169,9,0,86,1,3,2011,1,1,5,2,2,12,6,0,0
170,8,1,93,0,13,2006,1,1,5,1,2,16,52,0,1
171,5,0,100,1,15,2019,1,1,3,1,1,20,85,1,1
172,10,1,62,2,4,2001,0,0,5,0,2,18,32,0,1
173,7,0,26,2,15,2018,0,1,4,2,2,13,76,1,1
174,9,0,37,0,8,2018,1,1,3,1,1,20,63,0,1
175,8,1,76,1,8,2015,0,0,6,2,3,11,88,1,1
176,10,0,28,2,0,2023,1,1,5,1,2,18,28,0,0
177,6,0,88,1,6,2013,0,0,3,0,3,12,5,0,1
178,10,1,63,2,1,2008,0,0,7,0,1,11,84,1,0
179,3,1,96,1,13,2016,0,0,7,1,2,16,62,1,0
180,6,0,83,1,13,2009,0,0,5,2,1,17,70,1,0
181,9,0,79,2,4,2008,0,1,5,0,1,16,35,1,0
182,10,1,36,0,12,2001,1,1,7,2,1,12,34,1,1
183,9,0,78,2,0,2011,1,0,4,1,1,17,30,0,0
184,7,1,20,0,2,2005,0,0,4,0,2,17,13,1,1
185,5,1,95,1,3,2017,0,0,7,1,2,16,100,1,0
186,5,0,73,2,0,2010,0,0,1,0,1,15,67,1,0
187,3,1,48,2,3,2022,1,0,1,2,3,14,79,0,1
188,9,0,90,0,6,2006,0,0,2,0,3,11,43,0,1
189,8,1,47,0,0,2003,1,1,3,2,1,18,75,1,0
190,6,1,65,2,2,2014,1,1,2,0,2,20,9,0,0
191,10,1,41,2,3,2004,0,0,1,2,1,13,56,0,1
192,3,1,89,0,13,2013,0,1,4,2,3,15,74,1,0
193,8,0,63,0,9,2010,0,0,1,0,2,12,68,1,1
194,2,0,38,1,13,2018,0,0,1,1,1,14,42,1,0
195,4,0,28,0,6,2020,0,0,7,2,3,14,14,1,1
196,4,0,28,2,8,2019,0,0,4,2,3,15,45,0,1
197,4,1,90,2,7,2000,1,1,5,1,1,15,6,1,1
198,3,1,80,1,8,2005,0,0,7,0,3,11,30,0,1
199,2,0,93,0,13,2010,0,0,1,1,2,17,8,0,0
200,2,0,80,1,2,2005,1,0,7,2,2,13,43,1,0
201,8,0,23,2,9,2008,1,0,4,1,3,15,24,1,1
202,6,1,76,0,4,2019,1,1,4,2,1,19,33,1,1
203,8,0,79,1,2,2004,1,0,3,2,2,13,72,1,0
204,10,1,45,1,9,2003,1,0,4,0,3,17,47,1,0
205,2,0,100,1,8,2005,1,1,7,1,3,12,73,1,1
206,6,0,82,0,10,2013,0,1,5,1,2,19,23,0,1
207,5,1,40,0,12,2014,0,1,6,2,1,10,10,0,0
208,5,0,59,1,3,2020,1,1,1,0,3,17,30,0,1
209,5,0,57,2,6,2006,0,1,4,0,3,18,11,0,0
210,9,0,97,0,13,2015,0,1,1,1,3,18,35,1,0
211,4,0,61,2,9,2000,1,1,2,2,3,11,3,1,1
212,3,0,37,0,14,2007,0,1,1,2,1,11,59,1,1
213,4,0,22,0,3,2019,0,1,4,2,1,18,19,0,0
214,9,0,36,1,8,2019,1,1,3,2,2,19,86,0,0
215,10,1,81,1,11,2022,0,1,7,2,1,14,42,1,1
216,3,1,67,0,14,2023,1,0,2,1,2,10,67,0,0
217,7,1,40,2,0,2000,0,0,6,2,3,17,32,1,0
218,4,0,30,2,13,2010,1,0,3,2,2,10,100,1,1
219,8,0,89,0,15,2000,1,1,2,2,1,12,100,0,1
220,7,1,68,2,5,2001,1,0,6,1,2,15,28,0,1
221,3,1,62,0,9,2016,1,1,4,2,1,13,96,0,1
222,4,0,79,1,9,2017,1,0,6,2,1,17,92,1,1
223,9,1,80,0,5,2012,0,1,1,2,1,12,69,0,0
224,4,1,78,1,10,2006,1,0,6,2,1,15,21,1,0
225,6,1,72,1,13,2019,1,0,4,0,1,14,68,0,0
226,6,0,38,0,14,2023,1,0,2,0,1,19,4,1,0
227,10,0,52,0,10,2011,0,1,2,1,3,15,89,1,0
228,9,1,59,1,1,2010,1,0,1,1,1,16,6,0,1
229,5,1,40,2,5,2017,1,1,2,2,3,11,96,1,0
230,2,0,38,1,8,2014,1,1,7,0,1,13,35,1,0
231,10,0,62,0,12,2003,0,0,3,1,1,18,11,0,0
232,9,0,23,1,7,2006,1,1,1,2,3,16,82,1,0
233,3,1,59,1,13,2011,1,0,1,1,2,18,93,0,1
234,8,0,72,1,1,2019,1,1,4,1,3,10,30,0,1
235,4,1,23,0,10,2015,1,1,1,0,2,14,71,1,1
236,7,1,28,2,15,2014,0,0,7,2,3,15,54,1,0
237,9,1,41,1,1,2012,0,1,3,0,1,12,98,1,1
238,2,1,39,2,1,2002,1,1,1,0,2,12,55,1,0
239,9,0,34,1,13,2018,0,1,6,1,2,18,46,0,1
240,7,1,83,1,10,2018,0,1,6,1,1,13,97,1,1
241,6,1,21,2,9,2020,1,0,1,0,2,11,59,0,1
242,2,0,65,1,0,2017,1,0,4,2,1,18,4,1,1
243,4,0,50,1,4,2006,1,1,1,2,2,16,36,0,1
244,2,0,47,0,15,2008,1,1,5,2,3,20,25,0,0
245,4,0,27,1,9,2017,1,1,2,0,3,10,62,1,1
246,4,0,93,0,14,2020,0,0,2,2,1,13,87,0,0
247,10,1,71,1,2,2009,0,0,1,2,2,15,25,0,0
248,10,0,74,1,15,2020,1,0,7,2,2,16,12,0,0
249,6,0,95,0,4,2015,0,1,3,2,1,12,78,1,1
250,7,0,84,0,11,2003,0,1,7,0,3,13,55,1,1
251,5,0,33,1,1,2014,0,0,5,1,1,16,91,1,0
252,3,0,34,2,13,2006,1,1,1,2,3,11,90,1,1
253,9,0,21,1,0,2013,1,1,1,2,2,10,94,1,1
254,8,0,73,1,12,2017,1,1,2,0,1,15,63,1,0
255,4,0,96,1,14,2005,1,0,2,0,3,20,96,1,1
256,6,1,100,0,2,2019,1,0,1,0,1,14,10,1,1
257,7,1,75,0,6,2019,1,0,6,1,2,15,74,1,0
258,8,0,91,1,6,2006,0,1,3,2,1,20,7,1,0
259,3,1,73,1,5,2023,1,0,7,2,2,11,29,1,0
260,5,0,82,2,2,2004,0,1,1,1,2,12,94,1,1
261,7,1,79,1,9,2022,0,1,5,1,1,17,36,1,0
262,6,0,80,2,14,2017,1,0,5,1,2,14,38,1,0
263,10,0,61,1,0,2001,1,1,4,0,3,11,64,1,0
264,9,1,75,0,0,2022,0,0,1,0,1,10,79,0,0
265,8,0,91,0,15,2004,0,1,1,0,1,14,67,1,1
266,3,1,85,0,1,2002,0,0,5,2,3,15,55,1,1
267,7,0,75,2,11,2022,1,0,6,2,3,18,53,0,1
268,5,1,70,1,7,2016,0,1,5,1,1,16,63,0,1
269,6,1,87,0,13,2016,0,0,6,2,3,11,5,0,0
270,2,1,24,2,13,2010,0,0,4,0,2,19,72,1,0
271,4,1,55,1,14,2005,0,0,4,1,2,12,37,0,1
272,8,1,28,2,8,2003,1,0,3,2,2,12,60,0,0
273,5,0,71,1,14,2006,0,0,6,0,3,20,89,1,0
274,2,0,66,2,14,2000,1,1,6,2,2,11,46,1,1
275,3,1,78,2,3,2008,0,1,3,2,2,11,24,1,0
276,7,1,61,0,15,2012,1,1,1,0,3,14,62,0,0
277,4,1,49,1,5,2001,1,1,4,2,1,16,98,0,1
278,8,0,90,2,3,2004,1,0,2,0,1,20,45,1,0
279,3,0,47,2,4,2006,0,1,3,1,1,15,33,1,0
280,4,0,35,0,9,2011,0,1,6,0,2,17,4,1,1
281,6,1,63,1,7,2003,0,0,7,2,2,17,87,0,0
282,4,0,38,0,15,2015,1,1,6,0,1,14,29,1,0
283,9,1,41,1,11,2001,1,0,6,2,3,12,82,1,0
284,10,1,47,0,8,2019,0,0,7,0,3,18,29,0,1
285,5,0,86,2,5,2021,0,0,7,1,1,12,12,1,1
286,9,1,64,1,3,2010,1,1,4,1,3,16,82,0,1
287,2,1,57,2,0,2022,0,0,6,2,1,15,63,0,0
288,4,1,94,2,6,2010,1,0,4,0,1,10,10,0,0
289,9,0,31,2,6,2003,0,1,5,2,2,20,46,1,0
290,10,0,38,0,5,2009,1,1,5,0,2,12,80,1,1
291,4,1,29,0,5,2018,0,1,5,0,2,13,10,0,1
292,6,0,59,2,3,2012,0,0,1,2,2,17,80,0,0
293,3,0,88,2,15,2009,1,0,5,0,2,10,54,0,0
294,2,0,55,2,3,2002,0,1,1,1,2,18,98,0,0
295,3,0,89,2,0,2013,0,1,7,1,2,15,93,1,1
296,10,0,76,1,6,2023,1,0,6,0,3,16,4,0,1
297,5,1,23,1,4,2019,1,1,6,2,3,17,4,1,1
298,5,1,97,1,9,2008,0,0,6,0,2,10,8,1,0
299,5,1,88,2,2,2008,0,0,5,2,1,15,19,1,1
300,3,1,46,0,12,2003,1,1,3,0,2,13,47,1,0
301,8,0,100,1,13,2016,1,0,6,0,3,15,9,1,0
302,9,0,70,1,14,2015,0,1,4,2,1,20,57,1,1
303,10,0,91,2,12,2011,1,1,5,1,1,12,22,1,0
304,9,0,83,0,8,2021,1,1,3,1,2,14,71,0,1
305,8,1,83,0,0,2018,1,1,7,2,3,20,8,1,0
306,4,0,54,1,4,2021,1,1,4,1,3,12,38,0,1
307,3,0,25,1,5,2019,1,0,3,1,2,14,96,1,0
308,5,1,57,0,8,2018,0,1,6,1,3,12,9,1,1
309,2,1,24,2,14,2009,1,0,1,1,3,16,89,0,0
310,7,1,55,2,9,2020,1,1,1,2,2,20,93,1,1
311,6,0,60,0,9,2005,0,1,1,2,2,20,100,1,0
312,2,1,76,0,13,2010,0,0,6,1,2,18,4,0,0
313,6,0,69,1,11,2006,1,0,3,1,3,18,32,0,1
314,4,0,80,2,9,2013,0,1,1,0,3,11,50,1,0
315,5,1,67,2,9,2009,1,0,5,1,2,12,70,1,1
316,4,1,83,2,9,2012,1,1,4,1,3,13,97,0,1
317,5,1,88,2,6,2004,0,1,7,2,3,20,6,0,1
318,6,1,45,2,2,2007,1,0,6,1,3,15,63,0,0
319,5,1,98,2,15,2019,0,1,7,0,1,18,71,1,0
320,2,1,35,1,12,2005,0,0,3,1,1,14,10,1,1
321,7,1,91,1,7,2021,1,1,2,2,2,12,80,0,1
322,7,1,69,1,3,2006,0,1,6,0,3,13,84,0,1
323,3,0,38,1,10,2023,1,1,4,0,1,12,60,1,1
324,10,0,34,1,4,2023,1,0,5,1,3,17,0,1,0
325,6,1,96,2,0,2022,0,1,7,1,1,19,79,1,0
326,9,1,39,0,1,2004,1,0,4,1,2,11,98,1,1
327,2,0,93,0,1,2015,0,0,7,1,2,18,91,0,0
328,2,0,51,2,7,2007,1,0,1,1,1,17,47,0,0
329,3,1,46,1,14,2000,1,0,7,2,1,12,27,0,1
330,9,1,87,1,15,2018,1,1,2,0,3,19,4,1,1
331,5,0,99,2,2,2009,0,1,5,2,2,15,7,1,1
332,3,1,91,1,14,2005,0,0,7,1,3,11,69,0,0
333,2,0,74,1,15,2006,1,1,7,0,1,18,97,0,1
334,8,1,82,1,5,2020,1,0,5,1,3,11,33,1,1
335,2,1,61,2,5,2009,0,1,5,1,1,13,12,0,1
336,3,1,38,2,2,2010,0,1,7,2,1,17,65,1,0
337,2,1,72,2,10,2004,1,0,2,2,3,11,9,1,1
338,10,1,36,1,3,2021,0,0,3,2,2,19,34,0,1
339,7,0,38,2,10,2018,1,1,7,0,1,12,37,0,0
340,3,0,93,0,5,2016,1,0,2,1,3,10,57,1,1
341,7,1,31,2,9,2000,1,0,5,2,3,16,22,1,0
342,8,0,33,0,7,2003,1,0,6,0,2,19,79,0,0
343,10,0,44,0,11,2012,1,1,6,1,1,15,65,1,1
344,2,1,74,2,5,2014,0,0,5,1,2,14,73,1,1
345,5,0,27,2,5,2015,1,0,3,2,2,11,73,1,1
346,6,1,54,1,11,2022,0,0,4,1,2,12,6,1,0
347,3,0,70,2,9,2021,1,1,6,0,1,17,66,0,0
348,2,0,38,0,14,2022,0,1,2,1,3,16,82,0,1
349,2,1,49,0,1,2005,1,0,7,1,2,12,4,1,1
350,6,1,38,2,8,2023,1,0,7,0,2,18,97,0,1
351,7,0,76,2,0,2005,0,0,1,1,1,11,80,0,0
352,3,1,97,0,2,2002,0,0,1,1,3,14,83,0,1
353,6,1,58,0,3,2019,1,0,5,2,3,12,69,1,0
354,5,0,34,1,1,2006,0,1,7,2,2,14,95,0,1
355,6,1,54,2,8,2007,0,1,3,0,3,16,85,0,1
356,10,0,59,1,5,2018,0,1,1,2,2,10,99,0,0
357,4,1,69,0,7,2006,1,0,5,0,3,16,16,0,1
358,5,0,23,1,11,2001,0,0,3,2,2,16,24,1,0
359,9,0,91,0,0,2022,1,0,5,0,2,20,83,0,1
360,2,0,32,2,3,2017,1,1,1,1,3,15,29,0,1
361,4,1,35,1,11,2002,0,0,4,2,2,10,100,1,1
362,7,0,20,0,8,2013,0,0,3,1,3,12,13,1,0
363,7,0,24,0,2,2019,1,0,3,2,3,10,92,0,0
364,7,0,71,1,4,2017,1,1,3,2,1,17,15,1,0
365,4,1,76,1,1,2004,1,0,2,2,3,14,68,1,1
366,10,0,30,0,2,2009,0,1,6,1,2,10,56,0,0
367,6,1,20,2,12,2007,1,1,5,0,1,14,10,1,0
368,9,1,100,0,7,2004,0,0,2,1,2,14,6,0,1
369,8,0,33,2,9,2011,1,1,3,0,3,11,79,1,1
370,10,0,98,1,4,2018,1,0,2,1,1,14,9,1,1
371,4,1,60,1,10,2008,1,0,1,2,3,19,5,1,1
372,2,0,41,0,12,2005,1,0,6,0,1,13,1,0,1
373,5,1,83,1,10,2001,1,1,7,2,1,15,98,1,1
374,8,1,74,0,2,2019,0,0,7,1,1,11,94,0,0
375,4,0,20,0,2,2004,1,1,2,0,3,19,23,0,1
376,3,0,38,0,13,2006,0,0,4,2,3,18,78,0,1
377,3,1,58,1,14,2022,1,0,6,2,2,17,23,0,0
378,4,1,80,1,3,2018,0,1,6,1,3,12,46,1,0
379,3,1,27,0,0,2003,0,0,1,1,3,17,96,0,0
380,8,1,61,0,14,2023,1,1,7,0,1,10,87,0,0
381,3,0,92,0,11,2003,0,0,7,0,2,13,91,1,0
382,9,0,20,0,5,2021,0,1,7,2,3,18,1,1,0
383,8,1,43,0,6,2012,0,0,7,2,2,12,21,0,0
384,3,1,81,0,5,2011,0,1,2,2,1,14,5,0,0
385,8,1,70,0,12,2022,1,1,6,0,2,20,91,1,1
386,7,1,45,1,15,2007,0,0,1,1,3,15,13,0,0
387,9,0,90,2,11,2014,1,0,1,1,1,11,60,1,1
388,5,0,65,2,11,2007,0,0,3,2,2,16,47,1,1
389,3,0,79,1,5,2017,1,0,4,0,1,12,70,0,0
390,3,1,66,1,11,2020,0,0,5,2,1,12,92,1,0
391,6,0,45,2,9,2023,1,0,2,2,2,11,78,1,1
392,9,0,93,1,13,2007,1,1,2,0,1,19,80,0,1
393,3,0,47,1,2,2007,0,1,6,1,1,16,1,0,1
394,9,0,51,1,10,2012,1,1,7,0,2,17,6,0,1
395,2,1,26,1,3,2006,1,1,7,0,2,15,91,0,0
396,6,1,71,1,14,2012,0,0,7,2,1,15,86,1,0
397,3,0,34,0,10,2013,0,1,4,2,1,11,45,0,1
398,2,1,45,2,1,2007,0,0,5,2,3,15,99,1,1
399,4,1,44,1,5,2014,0,1,4,0,3,14,3,1,0
400,10,0,32,1,5,2012,1,1,4,0,3,15,50,1,1
401,8,0,40,2,4,2018,0,1,4,2,1,10,8,0,0
402,10,1,84,2,12,2009,0,0,7,0,3,19,96,1,0
403,6,1,79,1,6,2014,0,0,6,0,2,18,29,1,1
404,6,1,55,1,10,2014,1,0,1,2,1,19,9,0,0
405,5,1,69,1,14,2016,1,1,3,1,1,11,4,1,0
406,2,1,26,1,1,2009,0,0,1,1,1,10,33,1,1
407,3,0,52,0,0,2007,0,0,3,2,1,12,46,1,1
408,5,0,88,2,12,2017,1,0,6,1,2,18,37,1,1
409,6,0,56,1,10,2021,0,1,5,1,1,18,9,0,1
410,8,0,32,2,12,2018,1,0,4,2,1,16,74,1,0
411,9,0,33,2,12,2023,1,0,1,2,2,17,39,1,1
412,6,1,94,2,6,2021,1,1,2,1,2,10,93,0,0
413,8,1,73,2,4,2014,1,1,5,2,1,14,82,0,0
414,9,0,29,2,5,2018,0,1,3,0,1,20,34,1,1
415,8,0,95,2,11,2014,1,0,2,1,3,17,95,0,0
416,4,0,59,1,14,2002,1,1,5,2,3,18,55,1,0
417,6,1,68,0,13,2000,0,0,7,2,1,11,92,0,0
418,9,1,77,2,3,2018,1,0,3,0,1,13,13,0,1
419,4,1,77,2,12,2019,0,1,7,0,1,19,71,1,0
420,4,0,85,1,2,2012,0,0,7,2,2,19,37,0,1
421,5,1,35,0,1,2013,0,1,5,1,2,16,57,1,0
422,9,0,95,1,8,2015,0,1,7,2,3,14,35,1,1
423,2,1,53,0,13,2008,0,1,6,1,2,12,48,0,1
424,3,1,51,2,14,2009,1,0,1,0,3,12,99,0,0
425,3,0,73,2,10,2019,0,0,6,0,2,11,85,0,0
426,10,0,76,1,5,2005,0,0,1,2,1,17,90,0,0
427,5,0,50,0,9,2021,1,1,4,0,3,12,11,1,1
428,2,1,69,2,6,2005,0,1,5,0,3,13,19,0,0
429,3,0,69,0,13,2013,0,0,4,0,1,10,0,1,1
430,7,1,97,2,3,2000,0,1,4,2,2,11,97,1,1
431,9,0,50,0,9,2011,0,1,2,0,1,14,89,1,0
432,5,1,57,0,6,2000,1,1,3,2,3,11,15,1,1
433,7,1,33,2,2,2001,1,1,3,2,1,18,61,0,0
434,8,1,49,0,9,2001,0,1,4,1,2,10,17,0,0
435,6,0,52,0,3,2009,0,1,4,0,1,13,14,1,0
436,10,0,99,1,4,2008,0,0,3,1,2,12,61,1,1
437,2,1,61,0,10,2001,0,0,2,1,3,20,76,1,1
438,6,0,68,0,2,2015,0,1,1,1,3,18,33,0,1
439,6,1,35,0,10,2006,1,0,2,0,3,15,4,1,0
440,3,0,81,1,2,2010,1,1,1,0,3,19,85,1,1
441,8,1,46,0,13,2008,1,0,7,2,3,17,42,0,0
442,6,0,48,1,3,2006,1,0,1,2,1,14,1,1,1
443,2,1,23,0,6,2011,1,0,4,0,3,11,73,1,0
444,4,0,49,1,2,2018,0,0,7,1,3,12,82,0,0
445,8,1,67,0,11,2001,0,0,5,2,2,20,11,1,1
446,4,1,84,2,1,2007,0,1,6,0,1,10,43,0,1
447,5,0,42,2,12,2016,0,1,5,0,3,10,70,0,1
448,6,1,96,2,10,2017,1,0,5,1,3,20,28,0,0
449,10,1,96,0,14,2003,0,0,1,2,2,20,93,0,0
450,6,0,64,2,2,2010,0,1,2,0,3,15,97,1,0
451,9,0,32,2,12,2005,0,1,4,1,3,12,35,0,1
452,4,0,69,0,14,2020,0,1,5,2,3,13,11,1,1
453,6,0,32,2,0,2011,0,0,6,1,2,19,53,0,0
454,10,1,87,1,15,2021,0,1,4,2,2,11,19,1,1
455,3,1,60,0,15,2016,0,1,7,2,3,11,54,1,0
456,2,0,21,2,6,2000,1,0,3,1,3,11,36,0,1
457,9,0,81,1,8,2023,0,1,5,2,2,13,59,1,1
458,5,1,27,1,13,2020,0,1,5,0,3,10,95,0,1
459,7,1,84,0,15,2016,1,1,7,2,3,12,83,1,0
460,2,1,29,1,8,2011,1,1,4,1,2,13,24,0,1
461,3,1,97,2,3,2009,0,1,1,2,1,13,0,0,1
462,8,0,27,1,12,2001,0,0,3,1,1,18,96,1,0
463,6,0,72,2,10,2020,1,1,7,2,2,13,70,1,0
464,7,1,33,2,11,2012,1,0,5,0,1,17,64,1,1
465,9,0,49,2,11,2004,0,0,7,2,3,16,39,1,0
466,6,0,75,1,2,2019,0,0,6,1,3,15,44,0,1
467,2,0,31,1,14,2023,1,0,5,2,1,14,28,1,0
468,6,1,86,1,13,2008,1,0,3,0,3,18,8,1,0
469,10,0,49,2,15,2003,0,1,3,0,3,18,57,0,0
470,4,0,90,1,10,2012,1,1,7,1,3,15,1,1,1
471,9,1,41,1,10,2000,0,1,6,2,2,12,79,1,1
472,9,0,39,2,15,2008,0,0,4,2,1,13,39,0,0
473,10,1,55,1,3,2011,1,1,5,2,3,10,19,1,1
474,6,1,49,1,12,2007,1,1,4,2,1,12,38,1,1
475,10,1,90,1,2,2004,1,0,6,1,1,16,92,0,1
476,7,0,81,1,8,2001,1,0,5,0,1,16,12,0,0
477,4,0,72,1,1,2000,0,0,5,1,3,10,46,1,1
478,4,0,99,0,6,2021,1,1,5,2,1,20,93,0,1
479,6,1,87,1,9,2017,0,1,5,1,1,17,64,1,0
480,3,1,86,0,13,2021,0,1,5,2,3,16,14,1,1
481,3,1,75,0,3,2005,0,1,7,1,2,10,63,0,0
482,10,1,62,1,13,2022,1,1,5,1,2,15,47,1,1
483,6,0,63,1,4,2000,1,0,5,2,3,19,35,0,1
484,6,0,65,0,5,2010,0,1,2,1,2,11,56,1,1
485,9,1,55,1,5,2011,0,0,7,1,2,14,78,0,0
486,5,0,88,0,8,2001,0,1,7,2,1,15,47,0,1
487,2,1,42,1,4,2005,0,1,5,0,2,18,89,0,0
488,4,1,41,2,6,2014,0,0,1,0,3,16,59,1,0
489,2,1,71,1,0,2015,0,0,7,2,3,15,66,0,1
490,2,1,52,0,3,2006,0,1,5,0,2,19,74,0,0
491,3,0,83,0,9,2014,0,0,4,0,2,13,34,0,1
492,10,0,53,2,14,2015,1,1,6,1,2,18,88,1,0
493,8,1,87,0,0,2017,1,0,6,2,1,19,96,1,0
494,6,1,63,0,11,2014,0,1,6,1,2,10,56,0,0
495,2,1,39,0,6,2004,0,0,5,1,2,17,82,1,0
496,9,0,95,2,12,2007,0,0,6,1,1,11,33,0,0
497,2,1,88,2,12,2007,1,0,3,2,2,17,47,1,1
498,8,0,24,2,5,2016,1,1,3,1,2,13,29,0,1
499,5,1,79,2,13,2023,0,0,5,1,3,12,34,1,1
500,7,0,52,2,15,2004,0,1,1,2,1,10,32,1,0
501,7,1,88,1,10,2006,1,1,2,2,1,18,1,1,0
502,8,0,75,2,15,2001,1,0,1,2,3,11,68,1,1
503,8,0,73,1,6,2018,1,0,2,2,3,13,22,1,0
504,10,1,49,2,10,2011,0,1,1,2,1,14,79,1,1
505,2,1,36,0,1,2014,0,0,7,0,2,10,28,0,1
506,3,1,47,1,13,2000,0,0,4,2,2,12,16,1,0
507,5,0,92,1,15,2019,0,1,1,0,1,12,66,0,1
508,2,1,71,0,10,2001,1,0,2,0,2,11,97,0,1
509,9,0,40,0,11,2018,1,1,5,1,1,18,71,1,1
510,7,0,80,0,15,2020,0,0,2,1,1,18,50,0,1
511,6,0,92,0,2,2008,0,1,3,2,3,13,42,1,1
512,2,1,64,0,1,2019,0,1,3,2,2,20,19,0,1
513,6,1,25,1,5,2010,0,1,4,1,3,15,72,0,0
514,7,1,95,1,5,2016,0,1,4,0,3,13,54,1,0
515,7,0,25,0,7,2001,0,1,6,1,2,16,93,1,0
516,6,1,53,2,11,2003,1,1,1,0,2,15,23,1,1
517,8,1,47,1,4,2003,0,1,3,2,2,19,49,0,0
518,2,0,34,1,4,2000,0,0,4,0,2,16,68,1,1
519,5,0,46,2,8,2019,1,0,5,0,2,10,5,0,0
520,9,0,86,0,4,2000,0,1,7,1,3,20,48,0,0
521,7,0,44,1,10,2022,1,0,4,0,2,18,20,0,0
522,9,1,54,1,11,2004,0,0,1,2,1,16,27,0,1
523,3,1,43,0,3,2007,1,0,6,2,1,18,43,1,1
524,10,1,77,1,0,2017,0,1,6,2,2,18,97,1,0
525,5,0,49,1,7,2016,0,0,4,2,3,10,4,0,1
526,10,0,22,2,2,2004,1,1,6,1,2,16,15,1,1
527,2,1,68,1,5,2003,1,1,1,2,1,11,39,1,0
528,5,0,86,1,10,2021,0,0,6,2,3,20,98,0,0
529,2,0,84,2,6,2014,0,1,6,1,3,16,17,1,0
530,6,1,94,1,14,2011,1,1,5,2,1,15,84,0,0
531,9,1,45,1,11,2015,0,0,5,1,3,16,95,0,1
532,6,0,55,0,10,2014,1,1,4,1,2,11,41,0,1
533,4,0,26,0,2,2022,1,0,4,0,2,18,61,0,0
534,3,1,61,1,12,2017,0,1,3,2,3,17,93,1,0
535,6,1,38,1,13,2005,0,0,7,1,3,15,39,1,0
536,8,1,25,2,11,2002,1,0,1,1,1,16,96,1,1
537,8,1,44,0,3,2023,1,1,3,0,3,10,53,1,0
538,4,0,36,2,8,2008,0,0,3,0,1,18,47,0,1
539,6,1,47,2,1,2000,0,0,4,2,2,15,5,1,1
540,2,0,100,0,4,2005,0,0,5,0,1,12,62,0,0
541,4,0,36,1,10,2008,0,1,6,1,3,16,35,1,1
542,6,0,96,2,14,2014,1,1,7,0,1,13,82,1,0
543,10,0,48,1,1,2002,1,1,3,2,2,15,51,0,0
544,3,1,65,2,11,2016,1,1,5,0,1,14,40,1,1
545,2,0,34,1,6,2009,0,1,7,2,3,13,82,0,1
546,6,0,46,1,15,2008,0,0,1,0,1,13,70,1,0
547,9,1,65,0,6,2022,1,1,5,0,3,18,81,0,0
548,5,0,59,1,9,2009,1,1,1,0,1,11,26,0,1
549,8,1,74,2,3,2004,0,1,2,0,3,17,22,0,1
550,3,0,30,0,11,2013,1,0,1,1,3,20,59,1,1
551,5,0,24,1,1,2006,1,1,3,2,1,17,99,0,0
552,5,0,84,0,6,2012,0,0,3,0,2,14,5,0,0
553,10,1,23,0,6,2003,0,1,5,2,2,12,35,1,0
554,8,1,42,0,3,2004,0,0,5,0,2,17,84,1,0
555,7,1,25,0,15,2012,1,0,3,1,3,10,2,1,0
556,9,0,91,1,10,2002,0,0,1,0,1,19,7,0,0
557,7,1,34,2,1,2018,0,0,7,1,3,20,98,1,0
558,10,0,32,0,3,2014,1,1,6,0,2,18,33,0,0
559,5,1,56,1,2,2018,1,0,4,2,3,18,30,1,1
560,8,1,21,0,13,2010,1,0,3,1,1,16,30,0,0
561,8,0,31,0,8,2021,1,1,3,2,1,20,71,1,1
562,10,1,38,2,14,2003,1,0,3,2,1,12,64,1,0
563,7,0,57,1,4,2019,0,1,5,1,1,11,38,0,1
564,5,0,45,0,15,2012,0,1,2,1,2,20,51,0,1
565,3,1,86,0,3,2017,1,0,5,1,1,14,56,1,0
566,10,0,59,1,15,2013,1,0,1,1,2,17,27,0,1
567,6,1,45,0,7,2014,0,0,3,2,3,13,63,1,1
568,6,0,89,1,4,2019,0,0,7,2,2,14,84,0,0
569,9,1,26,2,6,2014,0,1,4,0,3,10,98,0,1
570,7,1,68,1,9,2007,1,1,7,0,2,10,97,0,0
571,6,0,93,1,15,2021,1,0,2,2,2,17,57,0,1
572,3,0,64,1,6,2015,1,1,7,2,1,10,99,0,0
573,7,0,92,2,6,2008,1,0,4,1,3,15,70,0,1
574,3,1,61,0,15,2002,1,0,1,1,2,15,27,0,0
575,8,0,42,0,3,2008,1,0,2,2,3,16,12,0,1
576,7,1,90,1,6,2020,1,0,3,0,2,12,71,0,0
577,5,1,52,0,2,2021,1,0,4,1,2,15,95,1,1
578,10,0,66,0,6,2012,1,1,3,0,2,14,58,1,1
579,10,0,94,1,0,2011,1,0,3,2,2,10,85,0,0
580,5,0,57,0,11,2010,0,1,2,1,1,12,88,0,0
581,6,0,88,2,7,2013,1,0,7,0,1,17,45,1,0
582,4,0,87,2,3,2001,0,0,3,2,3,14,59,0,1
583,5,1,98,0,13,2010,1,1,4,0,2,17,56,0,1
584,7,1,53,2,9,2003,1,0,3,2,2,14,88,0,1
585,9,0,50,0,2,2014,1,1,6,1,2,17,12,0,1
586,5,0,71,0,12,2006,1,1,7,0,2,19,48,0,0
587,8,1,92,1,12,2015,1,0,7,1,2,11,83,1,0
588,6,0,27,2,9,2011,1,1,5,1,2,15,17,0,0
589,3,0,21,0,2,2005,0,0,3,2,1,20,91,1,1
590,6,1,81,1,2,2008,1,1,7,0,3,19,1,0,0
591,8,1,51,1,5,2006,0,1,6,0,3,17,52,1,0
592,8,1,62,1,9,2005,0,0,3,2,2,10,37,0,0
593,2,0,94,0,6,2016,0,0,3,0,3,17,95,1,1
594,10,1,33,0,10,2023,0,1,7,2,1,15,42,1,1
595,7,1,90,1,1,2001,1,0,7,0,2,13,24,1,0
596,5,1,99,2,4,2009,1,1,4,2,1,15,79,0,1
597,7,0,61,1,13,2016,1,1,6,1,3,11,93,1,0
598,5,1,48,1,11,2006,0,1,5,1,1,16,22,1,0
599,7,0,77,1,11,2022,0,1,1,1,1,15,53,0,0
600,8,0,20,2,6,2000,1,1,4,1,1,17,5,1,0
601,9,0,79,1,6,2001,0,0,2,0,3,10,90,1,1
602,5,1,63,2,7,2001,0,1,5,2,1,12,6,1,1
603,4,0,65,2,4,2004,1,0,4,0,3,13,81,0,0
604,4,0,51,0,0,2017,0,0,1,1,3,20,33,0,1
605,8,1,42,1,4,2012,1,0,6,1,3,11,66,1,1
606,3,0,94,2,10,2007,0,1,5,0,3,15,2,1,0
607,5,0,72,2,6,2016,0,0,5,1,3,15,40,0,1
608,8,0,30,1,11,2013,1,1,2,2,3,17,75,1,1
609,4,1,89,2,15,2004,1,1,6,1,3,15,85,0,0
610,4,1,20,0,2,2008,1,1,3,1,2,16,82,0,0
611,2,1,26,0,11,2023,1,0,6,1,1,15,89,0,1
612,2,0,59,1,0,2018,1,0,3,0,3,10,67,0,1
613,6,0,20,2,14,2010,0,0,5,1,1,10,38,1,1
614,8,1,94,0,11,2015,1,1,7,2,1,10,68,0,1
615,6,1,34,1,5,2003,1,1,2,2,2,16,86,0,1
616,3,0,76,1,8,2008,0,0,5,1,3,15,42,1,0
617,2,0,49,1,4,2008,1,1,1,0,1,20,37,1,1
618,5,0,40,0,8,2008,1,1,1,2,2,16,44,1,0
619,5,1,30,0,15,2004,1,0,6,0,1,10,9,0,0
620,4,1,43,2,6,2002,1,0,7,2,2,16,21,1,0
621,6,0,71,0,12,2012,1,1,1,2,3,18,54,0,0
622,7,1,32,2,14,2022,0,0,1,2,3,18,33,1,0
623,4,1,31,1,12,2005,0,0,6,2,3,14,44,0,1
624,3,0,70,2,8,2001,1,1,6,0,1,17,2,1,0
625,7,1,69,0,1,2022,1,1,7,1,3,11,77,0,1
626,4,1,92,0,2,2007,0,1,3,0,1,18,84,0,1
627,5,0,72,2,15,2016,1,0,3,2,2,13,82,0,1
628,6,0,71,2,5,2013,1,0,1,2,3,10,36,0,0
629,6,1,30,0,10,2012,1,0,6,2,2,11,36,0,0
630,2,1,91,2,9,2009,1,1,7,2,3,16,91,0,0
631,5,0,79,0,3,2005,1,0,1,0,3,14,19,0,1
632,7,1,41,1,1,2020,1,1,4,1,1,18,80,1,1
633,9,0,85,1,4,2010,1,0,1,2,2,20,16,1,1
634,5,0,21,0,9,2007,1,1,7,0,2,17,33,0,0
635,5,1,47,0,7,2015,1,0,7,1,1,20,20,1,1
636,9,1,36,1,8,2012,0,0,5,2,3,20,43,0,1
637,10,1,88,0,8,2009,0,1,7,1,3,19,61,0,1
638,4,0,46,1,12,2017,1,0,4,0,3,17,60,0,0
639,9,0,96,2,5,2020,1,0,3,2,1,12,80,0,1
640,8,0,72,0,14,2016,1,0,1,1,3,10,75,1,0
641,2,0,37,0,2,2023,0,0,5,1,3,19,0,1,1
642,10,1,73,1,13,2005,1,1,1,2,3,14,80,0,1
643,2,0,69,1,15,2009,0,1,4,2,3,16,51,1,1
644,7,1,30,1,14,2022,1,0,7,1,3,20,66,1,0
645,9,1,34,0,15,2004,0,0,5,2,2,18,78,1,1
646,3,1,36,0,8,2012,1,0,7,2,3,18,56,1,1
647,10,0,27,2,4,2019,0,1,2,1,1,19,25,0,1
648,2,0,40,0,1,2016,0,0,6,1,2,15,54,1,0
649,7,1,33,1,13,2006,1,0,4,1,3,13,83,0,1
650,8,1,90,2,1,2007,0,1,2,1,1,17,30,0,0
651,3,0,86,1,6,2017,0,1,5,1,1,20,74,1,1
652,3,1,56,0,13,2000,0,0,4,2,2,19,75,0,1
653,8,0,86,2,9,2018,1,0,7,2,1,15,85,0,1
654,6,1,81,0,11,2002,0,0,1,2,2,14,78,0,1
655,4,1,88,0,6,2004,1,0,5,2,1,16,4,0,0
656,8,0,42,1,13,2019,0,1,7,2,3,20,59,1,0
657,4,1,76,1,9,2003,0,1,6,2,2,13,20,1,0
658,2,0,30,0,6,2008,0,1,4,1,2,16,1,0,0
659,3,0,64,2,11,2001,0,0,1,0,2,11,96,0,0
660,3,1,85,2,15,2020,1,0,2,1,2,13,66,1,0
661,3,1,74,1,12,2017,1,1,6,2,1,15,31,1,1
662,3,0,38,1,13,2022,0,0,7,1,2,11,29,0,0
663,6,1,28,0,1,2006,0,0,4,0,2,14,33,0,0
664,5,1,79,1,14,2000,0,0,7,1,1,10,6,0,0
665,6,0,87,1,11,2019,0,0,3,1,2,12,73,0,0
666,4,1,37,0,13,2008,1,1,3,0,3,12,94,1,1
667,8,1,35,2,14,2017,1,1,4,0,1,16,0,1,1
668,4,0,64,0,14,2008,0,0,7,1,3,10,76,0,1
669,9,0,96,1,1,2021,0,0,5,2,2,14,16,0,0
670,6,1,86,2,5,2000,1,1,7,1,1,17,18,1,1
671,3,0,89,1,0,2009,0,1,4,2,3,13,17,1,0
672,4,1,46,0,13,2008,1,1,7,2,3,19,82,0,1
673,3,1,23,0,5,2000,1,0,3,0,3,15,16,1,0
674,8,0,76,2,13,2011,1,0,5,2,1,15,43,1,0
675,8,1,44,0,3,2020,0,0,6,0,1,13,60,1,1
676,8,0,27,1,14,2018,0,1,6,0,3,15,39,0,1
677,2,0,78,1,10,2021,1,1,5,0,2,11,23,1,1
678,7,0,64,1,6,2021,0,1,3,0,1,18,83,0,0
679,6,0,47,0,5,2007,1,1,4,1,2,10,77,1,0
680,6,0,94,0,9,2002,0,1,7,1,2,16,31,0,1
681,9,1,34,2,5,2008,1,0,1,0,1,18,76,1,1
682,4,1,70,2,3,2020,1,1,3,0,3,14,75,0,0
683,8,0,62,2,15,2020,1,1,3,0,1,14,91,1,1
684,9,0,43,1,0,2019,0,1,5,1,1,13,77,0,0
685,10,1,24,0,8,2009,0,1,3,0,2,20,48,1,0
686,5,0,38,2,1,2017,0,1,6,1,3,17,92,0,0
687,9,0,90,2,9,2016,1,1,3,2,3,14,48,0,1
688,7,1,87,0,9,2004,0,0,3,1,1,10,14,1,0
689,8,0,73,1,7,2023,0,0,5,0,2,15,60,0,1
690,9,1,37,0,13,2000,0,1,6,0,2,20,57,1,0
691,4,1,40,1,14,2021,0,0,3,1,2,13,19,1,1
692,9,0,23,1,9,2023,0,1,5,1,1,19,95,1,0
693,8,0,62,0,3,2000,0,1,1,2,3,15,95,0,1
694,4,0,38,2,9,2004,0,1,5,1,2,17,68,1,0
695,8,0,49,1,5,2012,1,0,6,1,1,14,96,1,0
696,2,1,84,1,9,2017,0,1,2,0,2,20,84,0,1
697,8,1,83,2,2,2013,0,1,2,1,3,15,43,0,0
698,4,0,62,0,13,2008,1,0,5,1,2,16,15,1,0
699,9,1,48,1,2,2010,1,0,5,0,1,17,9,0,1
700,2,0,60,0,10,2003,0,1,2,2,1,19,17,1,1
701,6,0,20,0,4,2000,0,0,1,0,3,15,49,1,1
702,10,0,60,0,15,2020,1,0,6,1,2,18,15,1,0
703,6,0,32,0,10,2009,0,1,7,2,3,18,86,0,0
704,6,0,88,2,0,2014,1,0,2,2,2,12,35,0,1
705,3,0,85,0,7,2006,0,1,6,0,2,13,100,1,0
706,8,0,90,1,4,2021,0,1,4,1,3,14,34,0,1
707,8,1,90,2,1,2009,0,0,5,2,1,11,78,0,0
708,8,0,93,2,1,2011,0,0,2,1,2,19,97,0,1
709,2,0,35,2,11,2019,0,0,4,2,2,13,30,0,0
710,7,1,23,0,8,2018,1,1,6,2,1,14,0,1,0
711,6,1,34,0,1,2005,1,0,2,1,3,18,67,0,1
712,6,1,90,0,4,2009,0,0,6,1,1,17,9,1,1
713,6,0,48,2,11,2009,0,0,1,0,2,18,25,1,0
714,4,1,58,1,10,2023,0,0,5,0,1,16,38,0,1
715,5,1,23,0,4,2022,1,1,7,2,3,19,19,0,0
716,9,1,87,1,10,2008,1,1,7,1,3,18,46,0,1
717,9,0,37,0,15,2007,1,1,7,2,3,19,11,0,1
718,5,0,31,1,0,2016,1,1,4,1,3,12,13,0,0
719,5,1,29,1,7,2020,0,1,4,2,2,18,15,1,1
720,2,1,33,0,15,2004,0,0,6,1,2,13,69,1,0
721,9,1,63,2,1,2002,0,0,4,0,3,17,42,0,1
722,3,1,29,1,2,2015,1,0,3,0,1,17,30,1,0
723,8,0,55,1,12,2021,0,0,6,2,1,14,3,0,0
724,4,1,24,0,0,2007,1,1,2,0,2,18,65,1,1
725,2,0,37,2,11,2022,1,0,4,2,2,11,53,0,1
726,4,0,44,1,15,2021,1,0,1,2,3,13,13,0,1
727,2,1,53,0,8,2021,0,1,5,0,2,16,10,0,0
728,9,1,58,0,12,2020,0,0,7,1,1,14,97,0,1
729,3,0,68,1,10,2005,0,0,1,0,1,20,12,0,0
730,8,0,91,2,9,2014,0,1,1,1,2,18,84,0,1
731,4,0,51,2,9,2012,1,0,4,0,3,16,58,1,1
732,5,0,31,2,0,2011,0,0,6,2,1,15,66,0,1
733,6,1,61,2,15,2006,0,1,5,2,1,10,11,1,1
734,10,0,23,2,3,2014,1,1,5,2,3,20,88,0,0
735,6,0,70,0,6,2015,1,0,6,1,3,11,16,0,0
736,9,0,26,1,15,2014,1,1,5,1,2,16,67,0,0
737,10,1,22,2,12,2001,0,1,1,1,3,18,87,1,0
738,2,1,59,1,8,2019,1,1,3,2,1,14,35,1,0
739,6,1,62,1,7,2000,1,0,4,2,2,18,20,1,0
740,7,1,95,1,4,2006,0,0,3,0,3,17,77,1,1
741,2,1,32,2,12,2008,0,0,6,1,3,17,98,1,1
742,8,1,41,2,8,2009,1,0,5,0,3,10,67,0,1
743,10,1,53,2,9,2003,0,1,6,1,3,12,44,1,0
744,9,1,21,1,13,2003,0,0,2,1,3,20,23,0,1
745,8,0,94,1,12,2003,1,0,7,1,2,12,24,1,0
746,8,0,81,2,7,2022,0,1,7,1,3,10,45,0,0
747,9,1,30,1,13,2006,1,1,2,0,1,18,81,1,0
748,3,1,40,1,11,2016,0,1,6,1,1,15,91,1,0
749,3,1,34,0,3,2004,0,0,7,2,2,18,75,0,0
750,6,0,93,0,1,2019,0,1,2,2,2,19,66,0,0
751,9,0,25,1,12,2020,0,1,6,2,1,18,12,0,0
752,4,1,69,1,10,2020,1,0,4,0,2,18,76,1,1
753,2,0,53,2,12,2015,1,0,1,1,2,13,58,1,1
754,8,1,41,1,6,2017,0,0,5,1,2,14,73,0,1
755,10,0,36,0,3,2001,0,0,2,1,3,10,47,1,0
756,2,0,73,1,1,2001,0,0,4,0,2,17,53,0,1
757,8,0,99,2,8,2018,0,0,3,2,2,10,72,0,1
758,10,1,80,2,1,2022,0,0,6,2,2,19,97,0,0
759,6,0,35,2,0,2016,1,1,5,1,3,19,1,1,1
760,4,0,58,2,13,2010,0,1,6,0,1,11,99,0,0
761,9,0,98,2,14,2006,1,0,1,2,1,20,71,0,0
762,8,1,63,0,8,2019,0,1,1,0,2,19,16,0,1
763,7,0,65,1,3,2005,0,0,4,0,3,12,32,1,1
764,7,0,70,1,0,2015,1,1,3,1,2,18,15,0,0
765,4,0,56,1,5,2005,1,0,7,0,3,11,93,1,1
766,10,0,48,1,10,2004,0,0,3,0,2,11,4,1,1
767,2,1,93,0,3,2013,1,1,6,0,3,14,79,0,0
768,10,1,87,1,0,2015,1,0,3,0,2,20,67,1,1
769,6,0,70,2,0,2009,0,1,5,0,3,14,48,1,1
770,3,1,64,0,2,2014,1,1,7,2,2,15,13,1,1
771,9,0,65,2,3,2005,1,0,4,1,3,15,63,0,0
772,10,1,72,2,8,2023,1,1,5,0,3,16,27,1,0
773,3,0,55,2,12,2009,1,0,6,0,3,15,34,0,1
774,7,1,61,0,8,2018,0,1,1,1,3,10,73,1,1
775,9,0,29,1,8,2010,0,1,1,2,1,12,16,1,1
776,6,0,67,1,1,2012,0,1,5,1,3,19,38,0,0
777,3,1,41,2,13,2015,1,0,4,1,3,19,60,1,0
778,2,0,74,2,2,2007,0,0,1,0,3,19,88,0,1
779,3,1,34,0,3,2007,0,0,4,1,1,15,3,0,1
780,5,0,82,2,6,2000,0,1,5,1,2,14,5,1,0
781,9,1,97,0,6,2001,1,0,4,1,1,15,97,0,0
782,7,1,51,0,7,2012,0,0,1,0,3,13,44,1,1
783,8,0,64,2,0,2012,1,1,7,0,3,18,76,0,1
784,4,1,73,2,9,2010,1,1,2,0,3,19,72,0,1
785,8,1,98,0,14,2020,0,1,3,0,1,10,57,1,0
786,7,1,52,1,5,2004,1,1,2,2,3,14,44,0,1
787,4,0,43,0,4,2013,1,0,6,0,3,16,42,0,1
788,10,0,23,0,4,2011,0,1,3,1,3,14,35,0,0
789,3,1,80,1,7,2021,0,0,5,0,3,20,51,1,0
790,10,0,37,1,8,2002,1,1,2,1,3,17,40,0,0
791,4,0,29,0,15,2003,0,1,1,0,2,11,42,0,1
792,9,1,44,1,1,2007,1,1,6,2,3,16,97,0,1
793,4,1,77,1,13,2011,1,1,7,1,1,13,55,0,0
794,10,0,78,2,6,2022,0,0,2,2,3,14,10,0,1
795,7,1,46,2,7,2001,1,0,4,0,2,11,76,0,0
796,3,0,36,0,13,2014,1,1,3,0,3,10,56,1,1
797,4,1,26,2,13,2005,0,0,4,1,2,18,95,0,1
798,9,0,26,1,14,2003,0,0,7,1,1,15,59,1,0
799,3,1,33,0,2,2001,1,0,1,0,1,16,88,0,0
800,6,0,90,1,3,2023,0,0,3,0,2,12,64,1,0
801,7,0,75,2,2,2007,1,0,5,1,3,18,27,1,1
802,8,0,29,1,0,2021,0,0,7,2,1,10,53,0,0
803,7,1,46,0,3,2008,0,1,2,1,1,12,47,0,0
804,8,0,46,1,6,2014,0,0,6,1,2,12,57,1,1
805,2,1,49,2,8,2003,0,0,5,0,1,17,56,1,1
806,2,0,28,1,0,2017,1,1,6,1,1,14,97,1,1
807,9,1,23,1,14,2000,0,1,6,0,2,20,60,1,1
808,6,1,98,2,1,2014,0,1,7,2,1,20,28,1,0
809,2,1,32,0,6,2015,0,0,5,1,2,10,76,0,0
810,8,0,77,0,5,2014,1,0,4,1,3,19,29,1,0
811,9,1,24,2,12,2019,1,0,7,0,2,13,52,0,1
812,9,1,49,2,7,2022,0,0,5,2,1,12,86,0,1
813,6,1,100,1,1,2004,1,0,2,1,3,11,39,0,1
814,9,1,71,2,11,2009,1,0,6,2,1,18,71,0,0
815,6,1,69,2,1,2007,1,1,4,1,2,16,99,0,1
816,9,1,98,1,5,2012,0,1,6,1,3,18,33,0,0
817,7,1,97,2,6,2011,1,0,6,0,2,10,82,1,0
818,3,1,40,1,4,2018,1,0,1,1,3,15,21,0,1
819,8,0,37,1,6,2023,1,1,6,1,1,17,86,0,0
820,4,0,63,1,0,2021,0,0,2,2,1,19,19,1,0
821,2,0,79,1,0,2003,1,1,7,0,2,10,91,1,1
822,9,1,94,1,4,2008,0,0,7,2,1,14,40,0,1
823,8,0,74,0,12,2009,1,0,7,2,1,10,15,1,1
824,9,1,56,2,0,2021,1,0,1,1,3,16,55,0,1
825,7,0,74,2,12,2017,1,0,2,2,1,20,19,0,1
826,2,1,52,2,15,2007,0,0,1,1,3,10,86,0,1
827,10,0,60,0,11,2022,0,0,7,1,3,11,50,1,0
828,3,1,52,0,9,2017,1,0,4,0,2,18,47,1,1
829,7,0,82,2,10,2004,0,0,6,1,2,11,80,1,1
830,6,1,68,1,1,2014,1,1,5,0,2,11,63,1,1
831,8,0,84,2,8,2001,1,1,4,1,3,19,32,1,0
832,6,0,23,0,14,2000,0,1,1,1,2,18,40,0,1
833,2,1,66,2,0,2016,0,0,4,0,3,10,47,1,0
834,3,0,37,1,8,2007,0,0,1,1,3,15,90,0,0
835,3,0,25,2,9,2012,0,1,3,1,3,12,15,0,1
836,3,0,20,2,6,2022,0,0,5,2,2,11,5,0,0
837,6,0,95,1,2,2019,1,1,6,2,3,19,32,0,0
838,6,1,44,0,11,2020,1,1,3,0,1,16,67,0,1
839,5,1,45,1,5,2012,0,0,2,2,3,19,95,0,0
840,4,1,57,1,14,2007,0,0,3,0,3,10,47,0,0
841,10,0,82,0,12,2009,1,0,2,0,2,18,83,1,1
842,3,1,82,1,7,2020,1,1,4,1,3,16,97,1,0
843,9,1,43,0,10,2023,1,0,7,1,2,14,50,1,0
844,10,0,81,0,8,2023,0,1,7,1,2,10,35,0,1
845,3,1,66,0,0,2002,0,1,4,1,2,14,0,1,1
846,2,0,90,0,0,2002,1,1,2,2,2,17,33,0,1
847,3,1,45,0,15,2005,0,1,4,0,1,12,14,0,1
848,4,0,45,1,14,2000,1,1,5,2,3,10,94,1,0
849,4,0,52,0,9,2020,1,0,3,2,2,13,26,0,1
850,8,1,53,1,15,2001,1,1,7,2,1,13,74,1,1
851,8,1,32,0,1,2001,1,1,3,0,1,12,71,1,0
852,9,1,28,0,3,2008,0,1,2,2,2,14,38,1,1
853,4,1,74,0,12,2005,1,1,3,2,3,15,35,1,0
854,5,0,65,0,2,2006,0,1,7,1,2,10,8,1,1
855,5,1,41,2,8,2016,1,1,3,2,3,12,17,1,1
856,4,0,35,1,12,2021,1,1,1,1,2,20,16,0,0
857,4,0,53,0,10,2008,0,1,4,2,3,14,42,0,0
858,4,1,83,0,14,2015,1,1,5,1,3,19,39,1,1
859,6,0,100,1,13,2017,0,0,3,1,2,12,45,0,1
860,3,1,68,1,2,2019,1,0,2,2,2,20,88,0,0
861,4,1,73,2,2,2022,1,1,7,1,2,10,59,1,1
862,6,1,82,0,4,2023,0,0,7,1,2,17,45,0,0
863,9,1,42,2,3,2016,0,0,3,2,1,18,47,0,1
864,4,1,76,2,0,2005,1,0,3,0,3,11,74,1,1
865,7,1,36,1,2,2019,0,0,5,1,1,20,85,0,1
866,5,0,100,1,8,2001,0,0,6,0,1,13,99,1,0
867,6,1,91,1,11,2013,1,0,1,2,2,14,41,0,0
868,3,1,60,2,12,2005,1,0,3,0,1,20,8,1,0
869,8,1,52,1,14,2010,1,1,6,2,3,12,65,1,0
870,10,0,51,1,8,2009,0,1,5,2,1,17,6,1,0
871,6,0,72,1,9,2004,1,1,3,1,3,20,86,0,1
872,6,0,78,0,11,2020,0,1,4,2,1,12,58,1,0
873,8,1,81,1,13,2006,0,1,4,2,3,10,60,1,0
874,8,0,61,1,1,2009,1,1,3,1,2,14,31,0,1
875,2,1,54,0,3,2019,0,1,6,1,2,14,37,1,1
876,2,0,99,0,2,2013,1,1,2,1,1,12,70,0,0
877,5,0,20,2,4,2001,1,0,1,0,3,18,24,1,0
878,10,1,30,0,11,2019,0,1,1,0,3,11,18,0,1
879,6,1,42,2,0,2008,1,0,3,0,3,12,96,0,1
880,7,0,32,1,8,2005,1,0,5,2,3,16,89,1,0
881,4,0,96,2,2,2010,0,0,1,0,1,12,80,1,1
882,4,0,27,0,3,2006,0,0,5,2,1,12,89,1,0
883,10,0,53,0,5,2012,1,1,2,0,2,18,77,1,0
884,6,1,38,1,10,2010,0,1,2,0,2,20,64,0,0
885,4,0,88,1,5,2003,1,1,4,1,1,18,0,0,1
886,8,0,36,0,8,2005,1,1,6,1,1,17,52,0,1
887,8,0,89,0,13,2021,1,1,5,2,1,18,80,1,0
888,6,0,56,1,3,2000,1,0,4,2,1,12,76,0,0
889,8,1,81,2,3,2012,1,1,7,1,3,12,10,1,1
890,6,1,98,1,6,2023,0,0,3,1,3,19,44,1,0
891,9,0,65,1,8,2019,1,0,3,0,1,16,43,1,1
892,6,1,69,1,1,2019,0,1,5,2,1,12,21,1,1
893,2,1,55,2,3,2000,1,0,2,2,3,10,79,1,0
894,6,1,60,1,10,2023,0,1,7,1,3,16,51,0,1
895,5,0,81,2,14,2015,0,0,3,1,2,18,96,0,0
896,2,0,31,0,12,2023,1,1,2,1,3,19,61,1,0
897,5,0,31,1,5,2014,1,0,5,2,3,12,84,0,1
898,2,1,42,2,10,2020,1,0,3,2,3,12,30,1,1
899,4,1,23,0,7,2016,0,0,4,1,1,18,75,0,1
900,3,0,99,2,14,2014,0,1,2,2,3,16,64,1,1
901,10,0,41,2,3,2013,1,1,4,2,2,13,2,0,0
902,8,1,41,2,1,2007,1,1,6,2,3,17,35,1,1
903,5,0,73,1,8,2004,0,1,6,2,1,10,25,1,1
904,6,1,94,1,10,2004,1,1,2,1,1,20,71,0,1
905,7,1,87,1,3,2015,0,0,3,2,3,11,99,1,0
906,7,1,20,0,7,2002,1,0,5,1,2,10,97,0,0
907,10,0,87,2,13,2023,0,1,7,2,3,16,6,1,0
908,9,0,87,2,6,2023,0,0,7,1,3,16,39,1,0
909,8,1,71,2,1,2009,1,0,3,1,1,15,94,1,0
910,2,1,60,1,7,2006,1,1,5,1,1,10,54,0,1
911,3,1,61,2,7,2001,1,0,4,2,3,20,97,0,1
912,4,0,75,1,8,2005,0,0,3,1,3,17,63,0,1
913,9,1,88,2,5,2021,0,1,5,2,1,14,60,1,1
914,4,0,71,2,7,2015,0,0,2,0,2,13,67,0,0
915,8,0,81,0,15,2017,0,1,6,1,1,19,56,0,1
916,7,1,27,2,5,2009,0,1,6,2,2,11,62,0,0
917,2,0,30,0,4,2004,0,1,2,1,2,19,17,1,0
918,8,1,24,0,10,2023,1,1,6,1,2,17,19,1,0
919,2,0,81,1,6,2023,1,0,1,1,1,11,49,0,0
920,9,1,57,1,7,2012,0,1,4,0,1,20,0,1,1
921,5,1,70,2,5,2012,1,1,1,1,1,12,62,1,1
922,2,1,73,0,9,2002,0,1,5,1,3,17,30,1,1
923,3,1,89,0,2,2008,1,1,4,2,2,10,12,0,1
924,10,1,84,2,1,2012,0,0,7,2,1,14,31,0,0
925,10,1,24,0,0,2016,0,1,7,1,1,17,35,1,0
926,8,1,90,1,12,2006,1,0,4,2,3,14,14,0,1
927,7,1,76,2,6,2002,1,0,5,0,1,19,5,0,1
928,5,1,43,1,5,2015,0,1,2,1,1,12,30,0,0
929,10,1,89,1,7,2020,0,0,2,2,3,20,78,1,1
930,7,0,59,0,9,2023,1,0,3,2,1,15,55,0,1
931,4,0,81,0,1,2002,1,1,6,0,3,13,12,0,0
932,10,0,24,0,15,2016,0,0,4,1,1,12,66,0,1
933,7,0,20,0,9,2007,0,0,7,2,3,16,57,0,0
934,3,0,63,2,3,2004,0,1,3,1,2,17,63,1,0
935,8,1,31,1,2,2002,0,0,2,1,1,19,39,1,0
936,9,0,34,1,13,2016,0,1,6,2,2,14,22,0,1
937,10,1,47,1,10,2000,1,0,3,1,1,20,25,0,1
938,2,1,52,0,8,2010,0,1,4,1,1,19,98,1,1
939,5,0,72,2,11,2006,1,1,2,0,2,14,26,1,0
940,7,0,92,0,13,2002,1,1,5,1,1,14,7,1,0
941,9,1,72,0,5,2018,1,1,6,0,2,19,84,1,1
942,5,1,49,0,4,2009,1,0,1,2,1,20,92,1,1
943,2,0,100,2,3,2001,0,0,6,0,3,18,40,1,1
944,5,1,86,1,5,2013,1,1,4,0,3,14,74,0,1
945,7,0,20,2,9,2023,0,0,5,1,2,12,96,1,1
946,6,0,51,1,3,2012,0,0,5,2,3,12,20,0,0
947,2,1,92,0,3,2001,0,0,1,2,3,18,67,0,0
948,4,1,43,2,13,2001,1,1,3,2,1,18,30,0,1
949,8,1,87,1,5,2016,1,0,1,0,3,19,80,1,1
950,5,1,46,2,2,2018,1,1,7,1,1,10,99,0,1
951,10,0,100,2,10,2015,0,1,1,1,2,15,31,1,1
952,8,0,57,2,0,2018,0,1,2,2,2,13,1,1,1
953,9,0,88,1,2,2016,1,1,3,2,2,11,74,0,1
954,5,1,42,1,12,2010,0,0,1,1,1,15,10,0,1
955,9,1,68,2,11,2001,0,1,1,0,1,15,88,0,1
956,9,0,39,1,10,2008,0,0,1,2,1,18,23,1,0
957,3,0,99,0,1,2007,1,1,3,0,1,13,82,1,0
958,8,1,60,2,14,2002,1,1,7,2,1,18,94,1,1
959,4,0,88,1,14,2002,1,1,7,2,2,19,12,0,0
960,4,1,42,1,0,2000,1,0,1,0,2,10,52,1,0
961,7,0,98,2,8,2016,0,1,6,0,1,16,68,1,1
962,8,1,50,1,6,2021,1,1,2,2,2,12,97,1,1
963,7,1,83,2,15,2019,0,1,3,0,3,14,47,1,0
964,3,1,91,0,13,2003,0,0,5,1,3,12,51,1,1
965,3,0,74,0,10,2009,1,1,2,0,2,14,24,1,1
966,6,1,67,0,8,2008,1,0,2,1,1,20,61,1,1
967,5,1,42,2,5,2014,0,1,7,2,1,20,67,1,0
968,9,0,55,2,8,2001,1,1,5,1,3,18,17,1,0
969,2,0,31,1,9,2015,1,0,6,2,2,15,52,1,1
970,7,0,52,2,5,2011,0,0,5,0,2,15,72,0,1
971,7,0,49,2,14,2017,0,1,3,2,3,12,28,1,1
972,3,1,61,2,0,2014,1,0,6,1,3,17,37,1,1
973,3,1,20,0,7,2009,0,1,2,1,1,11,41,1,1
974,9,0,61,2,15,2010,1,1,4,1,1,11,43,0,0
975,3,1,70,1,15,2022,0,0,6,2,1,20,10,0,1
976,4,1,22,1,4,2014,0,0,5,0,3,18,13,0,1
977,6,0,97,0,15,2012,1,1,6,1,1,13,81,1,0
978,6,0,91,2,8,2011,0,0,4,1,2,16,98,1,1
979,3,0,31,1,12,2006,1,1,1,2,2,11,97,0,1
980,6,1,81,1,1,2001,0,0,7,0,2,10,12,1,0
981,5,0,63,0,4,2005,1,0,3,1,2,12,7,0,1
982,3,1,37,2,2,2020,1,0,7,2,2,14,21,0,1
983,6,1,94,1,1,2000,1,1,7,0,3,10,92,0,0
984,9,0,83,2,12,2019,0,1,7,0,2,14,20,1,0
985,2,1,55,2,6,2004,1,1,3,0,2,16,16,1,0
986,8,0,34,0,6,2022,0,1,3,2,1,13,97,1,0
987,2,0,45,1,10,2018,0,1,3,0,1,18,55,0,1
988,10,0,38,0,9,2010,1,1,4,0,3,11,97,1,0
989,9,0,90,2,7,2007,1,0,7,2,3,13,94,1,1
990,3,1,40,1,3,2015,0,1,2,0,3,16,90,0,0
991,9,0,71,0,5,2023,1,0,2,2,3,12,34,1,1
992,8,1,100,1,12,2013,0,1,7,1,1,16,74,0,0
993,4,0,92,2,9,2022,0,0,3,0,3,17,40,0,1
994,8,1,62,0,14,2011,0,1,7,1,2,17,69,0,1
995,2,1,43,2,13,2017,0,1,5,0,2,17,79,1,1
996,10,1,70,2,11,2008,1,1,6,2,3,13,23,0,0
997,2,1,78,0,6,2011,0,0,3,2,2,11,94,1,1
998,10,0,31,1,12,2007,0,0,3,2,3,16,6,0,0
999,7,1,64,1,3,2010,0,1,1,0,2,15,53,0,1
1000,9,0,97,2,10,2011,0,0,1,1,1,15,42,0,0
1001,4,1,98,0,13,2009,1,0,3,0,3,14,44,1,0
1002,7,1,86,2,10,2015,1,0,4,1,1,17,96,0,0
1003,3,0,97,0,15,2018,0,1,3,1,3,16,10,0,0
1004,4,0,60,0,9,2002,1,0,6,0,2,13,27,0,0
1005,7,0,40,0,9,2015,0,0,5,0,1,19,19,1,1
1006,9,1,84,0,14,2000,0,1,4,1,2,17,49,1,0
1007,8,1,45,1,11,2015,0,1,6,1,1,17,94,1,0
1008,10,0,55,2,13,2022,0,1,6,2,2,19,75,1,1
1009,8,0,87,2,2,2019,1,0,3,2,1,16,2,0,0
1010,2,0,100,1,7,2012,1,1,5,1,1,18,52,0,1
1011,10,1,61,0,9,2003,1,1,6,1,1,17,45,0,1
1012,2,1,73,0,11,2008,1,1,6,1,3,10,0,1,0
1013,5,1,34,1,5,2001,1,0,6,2,1,17,25,0,0
1014,4,0,86,2,9,2016,0,0,7,2,1,15,36,1,0
1015,9,0,42,2,9,2011,0,0,6,0,2,15,93,1,0
1016,9,0,43,2,6,2003,1,1,7,2,3,16,89,1,0
1017,3,0,21,0,12,2014,1,1,7,2,3,13,95,0,1
1018,10,0,42,0,13,2021,0,1,4,1,1,17,94,1,0
1019,7,0,70,1,8,2023,0,0,5,1,2,10,71,0,1
1020,8,0,97,2,1,2010,0,1,4,2,3,19,93,1,0
1021,7,0,68,1,12,2004,1,1,6,1,1,17,32,0,0
1022,2,1,76,0,14,2023,0,0,3,2,1,10,34,0,0
1023,4,1,55,1,13,2020,0,0,5,0,1,11,42,1,0
1024,4,0,21,0,1,2012,1,1,2,1,1,10,47,1,1
1025,7,1,64,0,3,2002,0,0,3,0,3,13,46,1,1
1026,5,0,36,0,9,2016,0,0,5,1,1,20,80,1,0
1027,3,1,81,0,5,2023,0,1,6,1,1,19,32,0,0
1028,7,0,43,2,13,2018,1,1,2,0,2,17,31,1,1
1029,8,0,54,0,3,2023,0,1,2,2,3,17,55,0,1
1030,6,0,85,0,11,2012,1,1,5,2,3,18,74,0,1
1031,9,0,50,1,12,2023,0,1,1,1,3,20,26,1,0
1032,4,0,94,1,6,2000,0,1,5,1,2,10,7,1,0
1033,5,0,31,0,7,2002,0,1,1,1,3,17,86,1,1
1034,5,1,96,0,1,2018,0,0,4,1,1,19,78,0,1
1035,6,0,70,1,9,2000,0,0,7,2,3,15,62,1,1
1036,3,1,34,0,11,2007,1,1,7,1,3,12,56,0,1
1037,6,1,37,2,1,2018,0,0,2,0,2,13,77,0,0
1038,9,1,100,2,2,2022,1,1,4,0,2,11,40,1,0
1039,4,1,99,0,11,2001,0,1,3,2,2,10,4,0,1
1040,4,0,44,2,2,2019,1,0,4,1,3,16,32,0,0
1041,8,1,87,0,6,2019,1,0,1,2,2,13,18,0,0
1042,10,0,23,2,4,2003,1,1,7,1,3,13,84,1,1
1043,7,0,79,1,14,2016,1,0,7,1,1,14,30,1,0
1044,6,0,31,2,5,2010,1,0,6,2,2,13,50,1,1
1045,5,0,24,1,9,2009,1,0,1,0,3,18,78,1,1
1046,3,0,78,0,5,2016,1,1,2,1,3,19,81,0,0
1047,7,0,55,2,12,2021,1,1,6,0,2,11,45,0,0
1048,10,1,89,1,3,2012,0,0,7,1,1,15,1,0,1
1049,3,0,39,2,12,2016,1,1,3,2,1,12,57,1,1
1050,8,0,65,1,14,2009,1,0,1,2,2,10,67,1,0
1051,5,0,56,2,1,2009,1,0,7,1,2,18,67,0,0
1052,5,1,56,0,12,2017,0,0,1,2,3,17,39,1,0
1053,7,0,75,0,1,2014,0,1,2,2,1,20,28,1,0
1054,3,1,78,2,13,2016,1,0,4,2,3,20,100,1,1
1055,5,0,61,1,10,2020,1,0,2,1,3,20,28,1,1
1056,9,0,35,0,11,2011,0,0,1,2,2,20,42,1,1
1057,8,1,63,2,10,2018,0,0,6,0,3,16,8,0,1
1058,4,1,29,0,10,2004,0,1,4,1,2,11,17,1,0
1059,10,0,90,2,0,2008,1,1,1,1,1,12,45,0,1
1060,10,1,55,0,3,2023,1,0,5,2,2,13,8,0,1
1061,3,0,39,2,13,2010,1,0,7,0,2,14,39,1,1
1062,10,1,52,2,11,2006,1,0,3,0,2,19,81,0,0
1063,7,1,41,1,12,2003,0,1,6,0,1,16,96,0,1
1064,5,1,24,1,2,2012,0,0,1,0,2,16,98,0,0
1065,6,0,56,0,13,2019,0,1,4,1,2,10,9,0,1
1066,4,0,45,2,10,2011,1,0,7,0,3,20,20,0,0
1067,3,1,37,1,3,2015,1,0,2,2,2,18,29,0,1
1068,9,1,52,2,11,2015,1,0,5,0,2,18,7,0,0
1069,7,1,24,1,2,2010,1,0,4,2,3,17,74,0,1
1070,2,0,53,2,3,2023,0,0,3,2,1,14,59,1,0
1071,2,0,95,2,8,2018,1,0,6,2,2,10,43,0,1
1072,3,0,68,2,10,2011,1,0,6,0,3,19,3,1,1
1073,5,0,26,1,8,2012,1,1,2,1,1,12,69,1,0
1074,3,1,53,1,6,2002,0,0,4,1,3,18,84,1,1
1075,7,0,96,1,3,2016,0,0,6,1,3,11,25,0,1
1076,6,1,75,0,11,2002,0,0,2,1,2,14,17,1,1
1077,8,0,66,1,8,2008,0,0,1,0,1,12,4,1,0
1078,7,1,26,2,13,2005,1,0,4,2,3,10,72,0,1
1079,2,1,51,2,11,2010,0,0,1,1,1,11,68,0,0
1080,6,0,55,1,13,2000,0,0,2,1,2,19,77,0,1
1081,2,0,78,0,6,2021,0,0,7,0,2,14,93,0,0
1082,10,0,27,0,8,2016,1,1,6,1,3,20,61,0,1
1083,7,0,42,2,4,2019,0,0,7,2,2,14,13,0,0
1084,2,0,83,0,6,2004,1,1,4,2,2,19,79,0,1
1085,9,1,40,1,13,2014,0,0,7,0,2,10,99,1,0
1086,7,1,85,2,4,2016,0,0,4,0,3,18,6,1,1
1087,6,1,78,0,5,2021,1,1,6,0,3,15,14,1,1
1088,9,1,54,1,10,2003,0,1,6,2,2,16,1,0,1
1089,9,0,48,1,12,2002,0,1,6,0,3,16,46,0,1
1090,4,1,82,1,8,2003,1,0,7,0,3,19,71,1,0
1091,4,0,35,1,1,2012,1,1,3,1,2,13,83,1,1
1092,8,1,82,0,12,2000,1,1,5,1,2,19,8,1,1
1093,6,1,61,2,8,2010,0,0,6,0,2,17,36,0,0
1094,10,0,30,1,13,2005,0,1,1,1,1,20,63,0,1
1095,9,1,23,2,3,2012,1,1,1,2,3,20,78,1,1
1096,9,0,75,2,4,2007,0,1,3,2,2,15,8,0,0
1097,8,1,56,1,2,2010,1,1,7,0,3,16,77,0,1
1098,3,1,60,1,4,2015,0,1,6,0,2,20,63,0,1
1099,5,0,34,1,10,2011,0,0,2,1,1,16,11,0,1
1100,5,1,58,0,4,2003,1,0,5,0,1,18,14,0,0
1101,10,1,84,2,12,2012,1,1,3,1,2,15,83,1,1
1102,7,1,58,2,1,2003,0,0,4,0,2,12,33,0,0
1103,2,1,99,1,14,2004,0,0,2,2,2,17,96,1,0
1104,9,0,20,1,7,2010,0,0,6,1,3,14,9,0,1
1105,2,1,94,2,1,2019,1,1,3,2,1,14,59,0,1
1106,8,0,58,1,12,2013,1,0,2,1,2,19,71,1,0
1107,10,0,91,2,5,2002,0,0,6,0,1,11,70,1,0
1108,6,0,99,1,12,2004,0,1,5,1,1,18,76,1,1
1109,7,1,91,2,13,2023,0,0,7,2,3,18,87,1,0
1110,7,1,65,0,6,2001,0,1,4,1,3,14,3,0,1
1111,3,0,53,1,12,2015,0,0,6,2,2,18,49,1,0
1112,4,0,33,0,9,2007,0,1,7,1,2,17,92,0,1
1113,10,0,88,2,3,2016,1,1,7,2,3,14,47,0,1
1114,10,1,26,1,14,2021,1,0,5,1,1,12,64,0,0
1115,6,0,27,1,13,2011,1,1,3,2,3,16,55,1,0
1116,7,1,97,1,9,2002,1,0,1,2,3,10,83,0,1
1117,2,1,92,1,5,2002,0,0,7,0,1,20,53,0,0
1118,8,1,36,1,2,2023,1,1,4,1,3,11,45,1,1
1119,2,1,42,1,0,2017,0,0,1,2,1,11,81,0,0
1120,7,0,31,2,6,2020,0,0,3,2,3,14,26,1,0
1121,5,0,96,1,1,2021,1,1,4,2,3,17,91,1,1
1122,10,0,62,1,2,2015,0,1,1,1,3,16,96,1,1
1123,5,1,93,2,8,2008,1,1,5,0,3,12,43,1,0
1124,3,1,97,0,5,2018,0,1,1,0,1,16,15,0,1
1125,9,0,91,0,3,2017,1,0,4,2,3,10,66,0,1
1126,2,1,91,1,4,2001,0,0,2,0,3,16,7,1,1
1127,4,1,83,0,5,2004,0,0,2,0,3,18,7,1,0
1128,10,0,88,0,15,2011,0,1,4,0,2,19,35,1,0
1129,3,0,66,1,15,2004,0,1,4,0,2,18,25,1,1
1130,8,1,82,2,14,2014,1,0,6,2,1,17,81,0,1
1131,7,1,91,1,10,2014,1,0,5,0,1,19,87,0,1
1132,8,1,39,1,15,2008,0,1,2,0,1,14,52,0,1
1133,9,0,41,0,9,2007,0,0,2,1,2,10,46,0,1
1134,3,1,100,0,11,2022,1,1,2,1,3,10,26,0,0
1135,7,0,23,1,15,2000,0,0,6,1,2,17,96,0,0
1136,8,0,60,2,12,2001,1,0,3,2,1,19,50,1,1
1137,8,1,69,2,14,2014,1,1,6,2,1,16,30,0,1
1138,5,0,32,1,15,2013,0,0,4,2,2,18,99,0,0
1139,8,0,21,1,6,2021,0,0,3,0,3,20,91,1,1
1140,6,1,44,0,13,2004,0,1,7,1,3,17,9,1,0
1141,4,0,84,1,12,2004,0,0,5,0,3,14,48,1,1
1142,6,1,27,0,11,2015,0,1,6,2,1,17,14,1,1
1143,2,0,31,2,7,2010,0,1,6,2,2,18,43,1,1
1144,7,0,76,0,9,2006,1,1,1,2,2,13,67,0,1
1145,6,0,34,0,15,2008,0,0,7,0,2,18,74,0,1
1146,7,1,82,1,11,2001,0,1,6,2,1,20,36,1,0
1147,6,1,70,1,2,2005,1,0,1,2,3,14,97,1,1
1148,8,0,70,2,13,2006,0,0,1,0,1,16,82,0,1
1149,5,1,91,2,0,2010,0,1,2,1,3,17,55,0,0
1150,5,0,32,0,6,2023,1,0,6,2,3,11,13,0,0
1151,6,1,60,0,0,2005,0,1,4,0,1,11,38,0,1
1152,4,1,71,1,12,2008,0,0,1,0,1,18,6,0,1
1153,10,0,43,2,2,2001,1,1,1,2,2,13,20,0,1
1154,10,1,42,1,13,2007,0,1,7,0,2,17,47,0,1
1155,10,1,30,0,10,2001,0,0,4,0,1,19,49,0,1
1156,7,0,69,0,3,2014,0,0,3,0,2,12,34,0,0
1157,2,0,99,0,3,2002,1,0,3,0,3,11,3,0,1
1158,7,0,74,1,11,2023,0,1,7,2,3,17,13,1,1
1159,3,1,74,2,6,2002,0,1,6,2,2,19,0,1,1
1160,9,1,36,1,9,2018,0,1,7,2,1,17,52,0,1
1161,3,0,29,1,15,2003,0,0,6,1,2,12,89,1,1
1162,3,0,52,2,2,2013,1,1,5,2,1,10,27,1,0
1163,8,0,78,1,8,2013,1,0,6,0,3,13,17,0,0
1164,7,1,56,0,11,2013,0,0,6,2,1,10,22,0,0
1165,3,0,33,1,6,2007,0,1,4,1,3,20,58,0,0
1166,9,1,80,2,8,2018,0,1,3,2,1,17,92,1,0
1167,8,1,20,0,15,2017,0,1,4,1,3,17,59,0,0
1168,9,1,61,1,2,2000,0,1,2,1,2,18,61,0,1
1169,6,1,20,0,11,2016,0,1,2,2,2,12,47,1,0
1170,10,0,77,1,7,2008,0,1,5,0,1,16,37,0,0
1171,10,0,37,1,13,2002,1,0,1,2,3,18,13,1,0
1172,6,0,28,0,3,2022,1,1,7,2,3,15,75,0,0
1173,6,0,26,2,9,2004,0,1,5,1,1,11,58,1,0
1174,9,0,39,2,7,2013,0,0,1,0,3,19,15,0,0
1175,6,1,34,2,0,2012,1,0,3,1,2,14,53,1,1
1176,7,0,84,1,2,2010,1,0,3,1,2,18,92,0,1
1177,5,1,89,1,0,2006,1,0,6,1,3,18,35,1,1
1178,8,0,88,1,14,2021,1,1,7,2,1,11,91,1,1
1179,4,1,93,2,2,2013,1,0,2,1,2,10,100,1,0
1180,5,0,70,0,12,2013,1,1,4,0,2,17,23,1,0
1181,6,1,21,2,4,2000,0,1,3,0,3,19,18,1,0
1182,7,0,26,1,13,2021,1,1,4,2,1,18,76,0,1
1183,7,0,22,1,13,2016,1,1,7,2,1,13,76,1,0
1184,7,1,23,2,5,2004,0,0,1,2,3,18,25,1,1
1185,6,0,96,0,13,2011,0,0,2,0,2,20,44,1,0
1186,2,1,53,0,11,2016,1,1,7,2,1,18,46,0,1
1187,8,0,46,2,2,2016,1,1,7,2,3,12,38,1,0
1188,3,0,51,2,8,2002,1,1,2,2,2,16,58,1,0
1189,8,1,77,1,10,2007,1,1,3,1,2,11,94,1,0
1190,3,1,46,0,12,2010,0,1,2,0,2,15,11,1,0
1191,9,0,58,0,11,2010,0,1,2,2,3,15,48,0,0
1192,5,1,100,0,2,2019,1,1,1,2,2,15,17,0,0
1193,4,1,75,0,9,2004,1,1,1,1,3,19,91,1,0
1194,9,0,47,0,1,2006,1,1,5,1,1,15,36,0,1
1195,2,0,70,0,14,2020,1,1,1,2,1,13,58,1,1
1196,10,1,75,0,0,2020,0,0,6,0,1,17,81,0,0
1197,9,1,76,0,10,2016,0,0,6,0,2,20,83,0,0
1198,9,1,40,1,2,2023,0,0,1,0,3,19,14,1,0
1199,3,1,40,1,7,2000,1,0,7,0,1,18,32,0,0
1200,4,1,66,1,4,2022,1,1,2,1,1,14,96,1,0
1201,7,0,44,0,10,2012,1,1,1,1,1,18,94,0,0
1202,6,1,31,0,7,2010,1,1,1,0,1,14,17,0,1
1203,8,0,21,2,2,2023,0,1,1,2,2,14,8,1,0
1204,9,0,31,0,12,2012,0,0,7,1,3,19,68,1,1
1205,6,1,66,1,8,2023,0,0,6,1,3,12,97,1,1
1206,9,1,87,0,1,2013,0,1,3,2,2,20,89,0,0
1207,5,1,33,1,11,2013,1,1,3,0,2,16,89,1,0
1208,5,1,66,0,13,2014,1,1,7,0,3,19,16,1,1
1209,3,1,53,2,3,2000,0,1,3,1,3,16,0,0,0
1210,7,1,51,2,3,2014,0,0,6,0,2,13,11,1,0
1211,3,0,25,1,15,2018,1,0,1,1,1,16,60,1,0
1212,10,1,48,0,1,2022,1,1,6,1,1,14,20,1,1
1213,4,1,24,1,12,2008,0,0,4,2,1,17,76,0,0
1214,7,0,98,2,0,2002,0,1,7,1,1,12,50,0,1
1215,4,1,42,1,9,2008,0,1,7,1,1,13,71,0,1
1216,9,0,27,0,4,2018,0,1,1,0,1,14,87,1,0
1217,7,1,30,2,12,2015,1,1,3,2,1,10,73,1,1
1218,10,1,68,0,7,2022,1,0,3,1,1,11,2,1,0
1219,4,1,40,2,13,2004,1,1,1,2,3,10,12,1,0
1220,3,1,26,0,1,2004,0,1,2,0,3,11,69,0,0
1221,10,1,51,1,4,2021,0,1,1,1,3,10,21,1,1
1222,8,1,28,0,3,2006,0,1,6,2,2,20,24,0,0
1223,2,0,58,1,7,2013,0,0,4,1,3,12,33,0,0
1224,9,1,26,2,8,2015,1,0,6,2,1,13,29,0,0
1225,9,0,98,1,5,2006,1,1,6,2,2,12,38,0,0
1226,5,0,24,2,9,2010,1,1,7,0,1,16,49,1,1
1227,3,1,49,1,12,2008,0,1,2,0,2,20,16,0,0
1228,2,0,57,2,14,2016,1,0,4,2,3,10,81,1,1
1229,3,0,21,1,15,2023,0,0,7,1,2,19,87,0,0
1230,2,0,67,0,8,2004,1,0,7,0,2,18,61,0,0
1231,8,0,68,2,13,2021,1,0,3,0,3,18,64,0,1
1232,2,0,88,1,7,2016,0,0,4,0,1,17,80,0,0
1233,2,1,50,0,1,2007,0,1,6,2,2,13,2,0,1
1234,6,0,29,1,14,2015,0,1,7,2,3,18,81,0,1
1235,2,0,76,1,12,2009,0,1,1,1,1,17,34,0,0
1236,3,0,24,1,12,2016,1,0,2,0,3,19,95,1,1
1237,4,0,71,1,9,2013,0,0,2,0,1,18,5,1,0
1238,6,1,67,0,11,2009,0,0,7,1,3,20,18,1,1
1239,3,0,45,0,6,2001,1,0,4,2,3,10,47,1,0
1240,6,0,72,0,13,2012,0,1,3,2,3,15,47,1,0
1241,5,1,84,1,11,2008,0,0,7,1,3,18,71,0,1
1242,8,1,43,1,13,2000,0,0,5,0,3,10,56,0,0
1243,8,0,97,2,9,2005,1,0,1,2,2,20,84,1,0
1244,9,1,80,1,10,2003,0,1,6,2,1,18,1,0,0
1245,3,0,45,0,12,2010,0,0,6,2,3,12,4,0,1
1246,5,0,60,1,15,2017,1,0,5,0,1,19,95,1,0
1247,4,0,77,0,4,2015,0,1,3,1,3,10,35,1,0
1248,4,0,32,1,4,2021,1,1,3,2,2,20,65,0,1
1249,4,1,69,1,9,2023,0,0,1,1,3,16,27,1,0
1250,8,0,95,1,1,2015,1,0,4,0,2,17,26,0,0
1251,6,0,78,1,5,2010,1,0,4,0,3,15,82,0,1
1252,9,1,86,1,10,2000,1,0,4,0,3,16,9,1,0
1253,5,1,85,0,10,2014,0,0,7,2,1,18,6,1,0
1254,8,1,95,2,13,2009,1,0,4,1,1,11,21,1,1
1255,2,1,68,1,10,2019,0,0,4,0,1,12,44,0,1
1256,3,0,89,0,1,2004,1,0,6,0,1,14,49,0,1
1257,2,0,78,2,2,2019,0,1,6,0,2,14,21,0,0
1258,9,0,76,0,4,2018,1,0,4,2,1,15,42,1,0
1259,7,1,64,1,3,2011,0,0,5,2,1,13,44,1,1
1260,2,1,87,1,0,2021,0,1,3,2,2,17,33,1,0
1261,8,1,34,2,0,2016,1,1,5,2,3,17,15,0,1
1262,9,1,75,0,5,2010,0,1,2,2,1,11,77,1,1
1263,7,0,28,2,9,2009,1,0,7,0,1,20,90,0,0
1264,10,0,76,1,9,2018,0,1,5,2,3,16,1,1,0
1265,3,1,21,0,13,2023,0,0,1,0,3,12,95,1,0
1266,4,0,86,0,10,2012,1,0,7,1,1,11,34,0,1
1267,5,0,39,0,0,2018,1,1,1,0,2,11,37,1,0
1268,5,0,28,2,10,2022,1,0,5,0,1,12,62,0,0
1269,10,0,49,1,6,2006,0,1,3,0,3,15,5,1,0
1270,5,0,82,1,5,2008,0,1,3,1,3,10,93,0,0
1271,7,0,89,0,0,2003,1,0,1,0,2,13,50,0,1
1272,9,1,77,2,8,2009,1,1,6,2,3,14,18,0,1
1273,9,0,91,0,8,2001,1,0,4,0,3,10,55,1,1
1274,4,1,67,1,9,2005,0,0,1,0,1,20,24,1,1
1275,8,1,91,1,15,2016,1,0,2,2,2,17,82,1,1
1276,5,0,51,0,5,2019,1,0,1,0,2,14,34,0,0
1277,8,1,87,1,13,2013,0,1,2,1,3,10,45,1,0
1278,6,0,23,0,2,2022,0,0,3,0,1,14,48,0,1
1279,10,0,60,2,2,2019,1,0,7,2,3,19,9,1,0
1280,2,0,66,0,11,2015,1,1,6,2,1,13,16,0,1
1281,7,0,85,1,3,2003,1,1,5,0,1,15,39,0,0
1282,2,1,65,1,11,2018,0,0,7,2,2,14,60,1,1
1283,4,0,73,2,10,2022,1,0,2,1,2,15,69,0,0
1284,8,1,98,2,0,2009,1,1,6,2,1,19,51,0,1
1285,7,1,29,0,8,2011,0,1,7,1,3,10,99,0,1
1286,9,1,96,1,5,2003,0,0,4,2,3,18,77,1,0
1287,9,1,63,0,2,2012,1,1,5,2,3,12,32,0,1
1288,6,0,66,1,13,2014,1,1,5,2,1,12,56,1,1
1289,2,1,61,0,4,2023,0,0,5,0,1,19,98,1,0
1290,5,1,49,2,9,2020,0,0,3,2,1,11,60,0,1
1291,10,1,86,1,7,2008,0,1,6,0,1,19,71,1,1
1292,9,0,23,2,13,2018,0,1,7,0,3,11,74,0,1
1293,9,0,78,0,3,2015,1,1,7,0,1,19,30,0,1
1294,3,1,26,1,0,2011,0,0,4,2,1,19,22,1,1
1295,5,1,22,1,13,2023,1,0,5,0,3,14,76,1,0
1296,2,1,71,1,3,2020,1,1,4,1,1,20,88,0,1
1297,8,1,98,0,10,2006,1,0,7,2,1,20,81,0,1
1298,2,1,64,2,15,2000,1,1,6,1,1,11,30,0,1
1299,10,1,27,1,8,2004,1,1,6,1,1,13,78,0,1
1300,8,1,95,0,6,2013,0,1,7,1,3,15,59,0,0
1301,2,1,41,0,4,2011,1,1,7,0,3,16,62,0,1
1302,7,0,68,0,2,2020,1,0,3,2,3,20,74,0,0
1303,2,1,62,1,12,2009,0,0,4,1,2,13,65,0,0
1304,4,1,84,0,15,2008,1,1,2,0,2,13,81,0,1
1305,2,0,52,1,0,2002,0,0,5,1,1,16,47,0,1
1306,4,1,96,2,13,2007,1,1,5,1,1,12,68,0,0
1307,7,0,44,2,1,2018,1,0,3,1,1,13,63,1,0
1308,9,0,55,0,10,2023,0,1,1,2,1,18,5,1,0
1309,6,0,58,1,8,2005,1,0,4,1,3,14,2,0,0
1310,2,0,48,1,14,2013,1,0,3,1,1,13,86,0,1
1311,3,1,36,0,0,2017,0,1,3,0,1,10,69,1,1
1312,9,0,37,1,5,2014,1,0,7,0,1,17,73,0,0
1313,4,1,68,1,14,2009,1,1,3,0,2,12,56,0,1
1314,3,0,90,1,6,2001,1,0,6,1,1,13,52,1,0
1315,6,0,52,2,6,2023,1,0,1,2,2,11,65,0,1
1316,9,0,70,0,10,2002,0,1,7,1,1,19,82,0,0
1317,2,1,55,0,10,2014,0,0,2,0,3,18,65,1,0
1318,8,1,24,2,11,2007,1,1,4,1,3,20,50,0,0
1319,4,0,79,0,15,2019,1,1,5,1,2,12,39,1,1
1320,8,1,28,2,3,2001,0,0,1,1,2,17,14,1,1
1321,10,1,92,0,12,2017,1,0,2,0,3,12,73,1,1
1322,6,1,88,2,1,2004,1,1,2,1,1,16,93,0,0
1323,10,1,38,1,2,2013,1,0,4,1,3,20,32,1,1
1324,3,0,81,0,7,2019,0,0,6,1,3,15,38,0,0
1325,5,1,74,2,12,2011,0,0,2,0,1,16,49,1,0
1326,6,1,26,1,3,2003,1,0,7,1,2,19,33,1,1
1327,8,0,78,0,15,2015,0,1,7,2,1,10,8,0,1
1328,3,1,96,2,13,2019,0,0,2,1,3,11,53,0,0
1329,9,1,34,1,15,2015,0,1,6,2,1,13,73,1,0
1330,10,0,40,0,11,2002,1,0,6,2,1,14,17,1,0
1331,8,1,48,1,8,2005,1,0,7,2,1,13,45,1,0
1332,9,0,65,0,9,2012,1,1,4,0,3,17,36,0,0
1333,8,1,63,1,12,2022,0,0,3,0,2,12,4,0,0
1334,3,1,20,0,10,2021,0,0,1,0,3,20,89,1,0
1335,8,1,55,1,13,2002,0,1,6,2,3,15,63,0,1
1336,2,1,37,2,1,2013,1,0,6,0,3,17,92,1,0
1337,9,1,42,2,14,2019,0,0,4,1,1,16,51,1,1
1338,7,0,74,0,3,2012,1,1,1,0,1,14,60,0,0
1339,10,0,70,0,12,2007,1,0,3,2,1,14,83,1,1
1340,4,0,85,0,3,2011,1,1,5,0,2,12,28,0,1
1341,6,1,21,2,3,2008,1,1,4,1,3,18,31,1,0
1342,4,0,60,2,1,2015,1,1,7,2,1,13,31,0,1
1343,6,1,47,2,5,2022,0,0,3,1,1,14,79,0,0
1344,4,1,39,0,7,2023,1,0,5,1,3,19,60,1,1
1345,4,1,31,2,10,2013,1,0,3,2,3,16,11,0,1
1346,10,0,63,1,15,2011,0,1,6,2,2,10,41,0,0
1347,6,1,44,0,6,2023,1,1,6,0,2,11,54,1,1
1348,4,1,53,2,6,2005,1,0,1,1,3,18,63,1,0
1349,7,1,35,0,1,2003,0,0,5,2,2,11,83,0,0
1350,5,0,34,2,4,2020,0,1,6,0,3,14,4,1,0
1351,5,0,84,0,3,2014,0,1,3,2,1,16,39,1,0
1352,7,0,79,2,9,2013,0,1,7,2,3,19,70,0,0
1353,10,0,46,2,7,2011,0,1,6,1,3,16,79,0,1
1354,10,1,32,1,10,2000,1,0,3,0,2,12,85,1,0
1355,8,1,86,1,0,2014,0,0,2,1,2,17,64,0,1
1356,3,0,24,2,13,2007,1,1,2,0,3,13,68,1,1
1357,6,1,31,0,0,2011,1,0,5,1,1,12,24,0,1
1358,8,0,98,0,7,2023,1,1,1,0,1,12,85,1,1
1359,6,0,63,1,0,2001,1,0,5,1,2,12,81,1,0
1360,6,0,91,0,5,2012,1,1,7,1,2,13,72,1,0
1361,4,0,60,0,11,2020,0,1,4,2,3,18,45,0,1
1362,3,0,55,0,9,2003,1,0,1,2,3,20,63,0,1
1363,7,1,55,2,8,2008,1,1,5,0,3,14,83,0,0
1364,3,1,99,1,11,2000,1,0,3,1,3,18,100,1,1
1365,5,1,57,2,1,2015,1,1,1,0,3,16,70,1,0
1366,8,1,48,1,5,2013,1,1,3,0,1,10,4,1,1
1367,7,1,43,2,3,2010,0,1,1,1,1,19,5,0,1
1368,4,0,27,0,5,2017,1,1,1,2,3,17,45,0,1
1369,3,0,34,1,6,2007,1,1,5,1,3,12,16,1,0
1370,10,1,20,1,14,2020,0,0,2,1,1,20,9,0,1
1371,2,0,86,1,9,2019,0,1,1,1,2,14,50,1,0
1372,5,0,87,1,11,2017,1,1,3,1,1,18,57,0,1
1373,7,0,95,2,1,2009,1,0,1,0,1,14,86,1,1
1374,8,1,74,0,15,2006,0,0,4,0,2,19,65,1,0
1375,3,1,29,1,9,2018,1,0,3,1,1,20,99,1,1
1376,2,0,39,1,7,2014,0,0,1,1,3,11,64,1,1
1377,9,0,23,0,9,2018,0,0,2,1,1,13,77,0,1
1378,6,1,89,2,0,2012,1,1,6,1,3,13,0,1,0
1379,2,1,63,1,15,2010,0,0,3,0,2,19,43,0,1
1380,5,1,85,1,7,2005,0,1,4,1,2,11,88,1,0
1381,6,1,22,0,14,2001,1,1,6,0,1,11,4,0,1
1382,6,0,97,0,8,2005,1,1,7,2,2,11,68,1,1
1383,3,0,48,2,0,2011,0,1,2,1,3,11,83,1,0
1384,6,1,26,2,9,2023,1,1,2,0,1,18,26,0,1
1385,8,1,54,2,11,2005,0,0,4,2,3,14,55,0,0
1386,2,0,41,1,1,2003,0,0,7,0,1,11,27,1,0
1387,8,0,20,1,2,2023,0,0,3,0,2,14,97,1,1
1388,10,0,40,2,14,2001,1,1,2,0,3,18,41,0,0
1389,5,1,26,0,4,2013,0,1,5,1,2,20,31,0,0
1390,7,1,37,2,5,2015,1,1,6,2,3,12,21,0,1
1391,6,0,41,2,7,2003,0,1,2,2,1,16,11,0,1
1392,6,1,84,0,3,2014,0,1,1,0,2,20,23,1,0
1393,4,1,86,1,5,2001,1,0,5,2,2,11,61,1,0
1394,9,0,87,0,11,2019,0,1,4,0,2,16,3,0,1
1395,4,1,43,0,14,2008,1,0,3,2,2,17,97,1,1
1396,8,0,22,2,5,2014,0,0,4,1,3,13,38,0,0
1397,10,1,81,0,15,2017,0,0,6,2,2,13,9,0,1
1398,6,0,77,1,2,2012,1,0,1,1,2,14,47,1,1
1399,9,0,42,2,13,2006,0,0,6,2,2,15,16,1,1
1400,10,1,83,1,0,2019,0,0,5,2,2,18,11,0,0
1401,3,0,27,2,2,2013,1,1,5,1,2,16,90,1,1
1402,2,0,75,2,8,2002,0,1,6,2,2,17,86,0,1
1403,3,1,100,0,0,2015,0,1,4,0,1,15,10,0,1
1404,7,0,72,2,7,2019,1,0,7,1,1,11,90,1,1
1405,4,0,94,1,15,2018,1,1,1,2,3,13,20,0,1
1406,8,0,54,0,1,2020,0,0,5,1,2,19,1,0,0
1407,5,0,81,0,3,2016,0,1,4,2,2,20,77,1,0
1408,2,1,89,2,1,2022,0,1,4,0,3,14,87,0,1
1409,5,0,70,0,13,2014,0,1,4,0,3,20,66,1,1
1410,9,0,41,2,13,2020,0,1,3,2,2,20,16,1,1
1411,9,0,40,1,12,2002,1,1,5,1,2,20,17,0,0
1412,3,1,35,1,3,2023,0,0,2,0,3,14,22,1,1
1413,3,1,27,1,2,2005,0,1,7,2,1,20,71,0,0
1414,4,0,38,1,9,2006,0,1,4,2,2,17,6,1,1
1415,5,1,28,1,8,2017,0,0,1,1,2,13,7,0,1
1416,9,1,80,2,7,2017,0,1,6,1,2,17,10,0,1
1417,3,0,98,1,12,2013,1,1,1,2,3,19,35,0,0
1418,9,0,90,2,12,2011,1,0,4,1,1,14,74,0,0
1419,7,1,48,1,12,2023,1,0,2,1,3,11,63,1,1
1420,10,1,49,0,7,2013,0,0,4,2,1,15,96,0,0
1421,10,0,77,1,9,2023,1,1,5,2,1,11,19,0,0
1422,8,0,100,0,12,2022,0,0,1,1,3,12,5,1,1
1423,5,1,25,1,8,2012,1,0,6,2,2,12,61,0,0
1424,10,1,93,1,15,2010,0,1,5,0,1,15,99,1,1
1425,8,0,75,1,8,2023,1,1,6,0,1,12,81,0,1
1426,9,0,92,0,13,2023,0,0,1,1,1,10,21,0,0
1427,5,1,61,2,2,2020,0,0,6,2,3,15,65,1,0
1428,4,0,91,0,14,2016,0,0,1,1,3,15,40,1,1
1429,10,0,92,1,8,2014,1,1,7,2,3,12,11,0,1
1430,8,1,21,0,7,2012,1,1,4,2,1,12,86,1,0
1431,3,1,84,2,15,2007,1,1,4,0,1,15,77,0,1
1432,3,1,87,0,8,2001,1,1,7,2,3,14,9,0,0
1433,6,1,35,1,0,2023,0,1,7,0,2,18,48,0,0
1434,8,1,42,0,2,2008,1,1,6,1,1,11,57,0,0
1435,2,0,44,0,3,2007,1,0,4,2,1,18,67,0,1
1436,5,0,46,1,5,2014,0,1,4,0,2,20,7,1,1
1437,2,1,84,2,9,2010,0,1,5,1,2,18,96,0,0
1438,9,0,53,1,4,2011,0,1,6,0,2,20,68,0,0
1439,2,0,100,2,8,2016,0,1,2,0,1,11,53,0,1
1440,8,0,95,0,9,2002,1,1,3,2,1,14,22,1,1
1441,5,1,58,0,5,2012,1,0,6,0,1,16,52,0,0
1442,9,1,55,1,13,2014,0,1,4,2,3,11,91,1,0
1443,5,1,86,0,0,2006,0,1,6,0,1,15,58,0,1
1444,6,0,32,1,8,2016,0,1,3,0,3,14,42,0,1
1445,6,0,89,1,13,2015,0,1,2,1,1,12,9,0,0
1446,3,1,50,0,7,2004,0,0,1,1,1,14,2,1,1
1447,3,1,45,0,8,2020,1,0,1,0,3,14,55,1,0
1448,8,0,56,2,7,2021,1,1,6,0,1,15,50,0,1
1449,9,0,79,1,4,2005,0,0,5,0,1,16,48,1,0
1450,2,1,34,1,2,2006,0,1,3,2,1,19,80,1,0
1451,8,0,97,1,4,2015,0,1,2,2,2,14,44,1,0
1452,2,0,37,0,3,2014,0,0,7,0,3,13,14,0,1
1453,4,1,25,0,5,2021,1,0,3,0,2,10,75,0,1
1454,6,0,20,0,8,2008,0,1,2,0,2,10,67,1,1
1455,9,1,84,1,10,2007,1,0,4,0,1,10,92,0,1
1456,2,1,53,2,12,2023,0,1,2,0,3,18,9,0,1
1457,5,0,77,0,10,2009,1,1,6,1,1,17,35,1,0
1458,4,1,75,1,7,2023,1,1,3,2,3,15,87,1,1
1459,5,1,42,0,6,2004,0,0,3,2,1,18,96,1,0
1460,8,0,40,0,10,2010,1,1,3,1,2,15,15,1,0
